file_name,file_path,class_name,class_index
rgba_0.tif,.\data\train\absent\rgba_0.tif,absent,0
rgba_1.tif,.\data\train\absent\rgba_1.tif,absent,0
rgba_10.tif,.\data\train\absent\rgba_10.tif,absent,0
rgba_100.tif,.\data\train\absent\rgba_100.tif,absent,0
rgba_1000.tif,.\data\train\absent\rgba_1000.tif,absent,0
rgba_1001.tif,.\data\train\absent\rgba_1001.tif,absent,0
rgba_1004.tif,.\data\train\absent\rgba_1004.tif,absent,0
rgba_1005.tif,.\data\train\absent\rgba_1005.tif,absent,0
rgba_1006.tif,.\data\train\absent\rgba_1006.tif,absent,0
rgba_1007.tif,.\data\train\absent\rgba_1007.tif,absent,0
rgba_101.tif,.\data\train\absent\rgba_101.tif,absent,0
rgba_1010.tif,.\data\train\absent\rgba_1010.tif,absent,0
rgba_1011.tif,.\data\train\absent\rgba_1011.tif,absent,0
rgba_1012.tif,.\data\train\absent\rgba_1012.tif,absent,0
rgba_1014.tif,.\data\train\absent\rgba_1014.tif,absent,0
rgba_1015.tif,.\data\train\absent\rgba_1015.tif,absent,0
rgba_1016.tif,.\data\train\absent\rgba_1016.tif,absent,0
rgba_1017.tif,.\data\train\absent\rgba_1017.tif,absent,0
rgba_1019.tif,.\data\train\absent\rgba_1019.tif,absent,0
rgba_102.tif,.\data\train\absent\rgba_102.tif,absent,0
rgba_1020.tif,.\data\train\absent\rgba_1020.tif,absent,0
rgba_1021.tif,.\data\train\absent\rgba_1021.tif,absent,0
rgba_1022.tif,.\data\train\absent\rgba_1022.tif,absent,0
rgba_1023.tif,.\data\train\absent\rgba_1023.tif,absent,0
rgba_1024.tif,.\data\train\absent\rgba_1024.tif,absent,0
rgba_1025.tif,.\data\train\absent\rgba_1025.tif,absent,0
rgba_104.tif,.\data\train\absent\rgba_104.tif,absent,0
rgba_105.tif,.\data\train\absent\rgba_105.tif,absent,0
rgba_106.tif,.\data\train\absent\rgba_106.tif,absent,0
rgba_107.tif,.\data\train\absent\rgba_107.tif,absent,0
rgba_109.tif,.\data\train\absent\rgba_109.tif,absent,0
rgba_11.tif,.\data\train\absent\rgba_11.tif,absent,0
rgba_110.tif,.\data\train\absent\rgba_110.tif,absent,0
rgba_111.tif,.\data\train\absent\rgba_111.tif,absent,0
rgba_112.tif,.\data\train\absent\rgba_112.tif,absent,0
rgba_114.tif,.\data\train\absent\rgba_114.tif,absent,0
rgba_115.tif,.\data\train\absent\rgba_115.tif,absent,0
rgba_116.tif,.\data\train\absent\rgba_116.tif,absent,0
rgba_117.tif,.\data\train\absent\rgba_117.tif,absent,0
rgba_118.tif,.\data\train\absent\rgba_118.tif,absent,0
rgba_119.tif,.\data\train\absent\rgba_119.tif,absent,0
rgba_12.tif,.\data\train\absent\rgba_12.tif,absent,0
rgba_121.tif,.\data\train\absent\rgba_121.tif,absent,0
rgba_123.tif,.\data\train\absent\rgba_123.tif,absent,0
rgba_124.tif,.\data\train\absent\rgba_124.tif,absent,0
rgba_126.tif,.\data\train\absent\rgba_126.tif,absent,0
rgba_127.tif,.\data\train\absent\rgba_127.tif,absent,0
rgba_129.tif,.\data\train\absent\rgba_129.tif,absent,0
rgba_13.tif,.\data\train\absent\rgba_13.tif,absent,0
rgba_130.tif,.\data\train\absent\rgba_130.tif,absent,0
rgba_131.tif,.\data\train\absent\rgba_131.tif,absent,0
rgba_132.tif,.\data\train\absent\rgba_132.tif,absent,0
rgba_133.tif,.\data\train\absent\rgba_133.tif,absent,0
rgba_134.tif,.\data\train\absent\rgba_134.tif,absent,0
rgba_135.tif,.\data\train\absent\rgba_135.tif,absent,0
rgba_137.tif,.\data\train\absent\rgba_137.tif,absent,0
rgba_138.tif,.\data\train\absent\rgba_138.tif,absent,0
rgba_139.tif,.\data\train\absent\rgba_139.tif,absent,0
rgba_14.tif,.\data\train\absent\rgba_14.tif,absent,0
rgba_140.tif,.\data\train\absent\rgba_140.tif,absent,0
rgba_143.tif,.\data\train\absent\rgba_143.tif,absent,0
rgba_144.tif,.\data\train\absent\rgba_144.tif,absent,0
rgba_145.tif,.\data\train\absent\rgba_145.tif,absent,0
rgba_147.tif,.\data\train\absent\rgba_147.tif,absent,0
rgba_148.tif,.\data\train\absent\rgba_148.tif,absent,0
rgba_150.tif,.\data\train\absent\rgba_150.tif,absent,0
rgba_151.tif,.\data\train\absent\rgba_151.tif,absent,0
rgba_152.tif,.\data\train\absent\rgba_152.tif,absent,0
rgba_153.tif,.\data\train\absent\rgba_153.tif,absent,0
rgba_154.tif,.\data\train\absent\rgba_154.tif,absent,0
rgba_155.tif,.\data\train\absent\rgba_155.tif,absent,0
rgba_157.tif,.\data\train\absent\rgba_157.tif,absent,0
rgba_158.tif,.\data\train\absent\rgba_158.tif,absent,0
rgba_159.tif,.\data\train\absent\rgba_159.tif,absent,0
rgba_16.tif,.\data\train\absent\rgba_16.tif,absent,0
rgba_160.tif,.\data\train\absent\rgba_160.tif,absent,0
rgba_161.tif,.\data\train\absent\rgba_161.tif,absent,0
rgba_162.tif,.\data\train\absent\rgba_162.tif,absent,0
rgba_163.tif,.\data\train\absent\rgba_163.tif,absent,0
rgba_164.tif,.\data\train\absent\rgba_164.tif,absent,0
rgba_165.tif,.\data\train\absent\rgba_165.tif,absent,0
rgba_166.tif,.\data\train\absent\rgba_166.tif,absent,0
rgba_167.tif,.\data\train\absent\rgba_167.tif,absent,0
rgba_168.tif,.\data\train\absent\rgba_168.tif,absent,0
rgba_169.tif,.\data\train\absent\rgba_169.tif,absent,0
rgba_17.tif,.\data\train\absent\rgba_17.tif,absent,0
rgba_170.tif,.\data\train\absent\rgba_170.tif,absent,0
rgba_171.tif,.\data\train\absent\rgba_171.tif,absent,0
rgba_173.tif,.\data\train\absent\rgba_173.tif,absent,0
rgba_175.tif,.\data\train\absent\rgba_175.tif,absent,0
rgba_176.tif,.\data\train\absent\rgba_176.tif,absent,0
rgba_177.tif,.\data\train\absent\rgba_177.tif,absent,0
rgba_178.tif,.\data\train\absent\rgba_178.tif,absent,0
rgba_18.tif,.\data\train\absent\rgba_18.tif,absent,0
rgba_180.tif,.\data\train\absent\rgba_180.tif,absent,0
rgba_181.tif,.\data\train\absent\rgba_181.tif,absent,0
rgba_182.tif,.\data\train\absent\rgba_182.tif,absent,0
rgba_183.tif,.\data\train\absent\rgba_183.tif,absent,0
rgba_184.tif,.\data\train\absent\rgba_184.tif,absent,0
rgba_185.tif,.\data\train\absent\rgba_185.tif,absent,0
rgba_186.tif,.\data\train\absent\rgba_186.tif,absent,0
rgba_187.tif,.\data\train\absent\rgba_187.tif,absent,0
rgba_188.tif,.\data\train\absent\rgba_188.tif,absent,0
rgba_189.tif,.\data\train\absent\rgba_189.tif,absent,0
rgba_19.tif,.\data\train\absent\rgba_19.tif,absent,0
rgba_190.tif,.\data\train\absent\rgba_190.tif,absent,0
rgba_191.tif,.\data\train\absent\rgba_191.tif,absent,0
rgba_192.tif,.\data\train\absent\rgba_192.tif,absent,0
rgba_193.tif,.\data\train\absent\rgba_193.tif,absent,0
rgba_194.tif,.\data\train\absent\rgba_194.tif,absent,0
rgba_195.tif,.\data\train\absent\rgba_195.tif,absent,0
rgba_196.tif,.\data\train\absent\rgba_196.tif,absent,0
rgba_199.tif,.\data\train\absent\rgba_199.tif,absent,0
rgba_200.tif,.\data\train\absent\rgba_200.tif,absent,0
rgba_202.tif,.\data\train\absent\rgba_202.tif,absent,0
rgba_203.tif,.\data\train\absent\rgba_203.tif,absent,0
rgba_204.tif,.\data\train\absent\rgba_204.tif,absent,0
rgba_205.tif,.\data\train\absent\rgba_205.tif,absent,0
rgba_206.tif,.\data\train\absent\rgba_206.tif,absent,0
rgba_207.tif,.\data\train\absent\rgba_207.tif,absent,0
rgba_208.tif,.\data\train\absent\rgba_208.tif,absent,0
rgba_21.tif,.\data\train\absent\rgba_21.tif,absent,0
rgba_210.tif,.\data\train\absent\rgba_210.tif,absent,0
rgba_211.tif,.\data\train\absent\rgba_211.tif,absent,0
rgba_213.tif,.\data\train\absent\rgba_213.tif,absent,0
rgba_214.tif,.\data\train\absent\rgba_214.tif,absent,0
rgba_215.tif,.\data\train\absent\rgba_215.tif,absent,0
rgba_219.tif,.\data\train\absent\rgba_219.tif,absent,0
rgba_220.tif,.\data\train\absent\rgba_220.tif,absent,0
rgba_221.tif,.\data\train\absent\rgba_221.tif,absent,0
rgba_222.tif,.\data\train\absent\rgba_222.tif,absent,0
rgba_223.tif,.\data\train\absent\rgba_223.tif,absent,0
rgba_225.tif,.\data\train\absent\rgba_225.tif,absent,0
rgba_226.tif,.\data\train\absent\rgba_226.tif,absent,0
rgba_228.tif,.\data\train\absent\rgba_228.tif,absent,0
rgba_229.tif,.\data\train\absent\rgba_229.tif,absent,0
rgba_23.tif,.\data\train\absent\rgba_23.tif,absent,0
rgba_231.tif,.\data\train\absent\rgba_231.tif,absent,0
rgba_233.tif,.\data\train\absent\rgba_233.tif,absent,0
rgba_234.tif,.\data\train\absent\rgba_234.tif,absent,0
rgba_235.tif,.\data\train\absent\rgba_235.tif,absent,0
rgba_236.tif,.\data\train\absent\rgba_236.tif,absent,0
rgba_237.tif,.\data\train\absent\rgba_237.tif,absent,0
rgba_238.tif,.\data\train\absent\rgba_238.tif,absent,0
rgba_24.tif,.\data\train\absent\rgba_24.tif,absent,0
rgba_240.tif,.\data\train\absent\rgba_240.tif,absent,0
rgba_241.tif,.\data\train\absent\rgba_241.tif,absent,0
rgba_242.tif,.\data\train\absent\rgba_242.tif,absent,0
rgba_243.tif,.\data\train\absent\rgba_243.tif,absent,0
rgba_244.tif,.\data\train\absent\rgba_244.tif,absent,0
rgba_246.tif,.\data\train\absent\rgba_246.tif,absent,0
rgba_247.tif,.\data\train\absent\rgba_247.tif,absent,0
rgba_248.tif,.\data\train\absent\rgba_248.tif,absent,0
rgba_249.tif,.\data\train\absent\rgba_249.tif,absent,0
rgba_25.tif,.\data\train\absent\rgba_25.tif,absent,0
rgba_250.tif,.\data\train\absent\rgba_250.tif,absent,0
rgba_251.tif,.\data\train\absent\rgba_251.tif,absent,0
rgba_252.tif,.\data\train\absent\rgba_252.tif,absent,0
rgba_253.tif,.\data\train\absent\rgba_253.tif,absent,0
rgba_254.tif,.\data\train\absent\rgba_254.tif,absent,0
rgba_256.tif,.\data\train\absent\rgba_256.tif,absent,0
rgba_257.tif,.\data\train\absent\rgba_257.tif,absent,0
rgba_259.tif,.\data\train\absent\rgba_259.tif,absent,0
rgba_26.tif,.\data\train\absent\rgba_26.tif,absent,0
rgba_260.tif,.\data\train\absent\rgba_260.tif,absent,0
rgba_261.tif,.\data\train\absent\rgba_261.tif,absent,0
rgba_262.tif,.\data\train\absent\rgba_262.tif,absent,0
rgba_263.tif,.\data\train\absent\rgba_263.tif,absent,0
rgba_264.tif,.\data\train\absent\rgba_264.tif,absent,0
rgba_266.tif,.\data\train\absent\rgba_266.tif,absent,0
rgba_267.tif,.\data\train\absent\rgba_267.tif,absent,0
rgba_268.tif,.\data\train\absent\rgba_268.tif,absent,0
rgba_269.tif,.\data\train\absent\rgba_269.tif,absent,0
rgba_27.tif,.\data\train\absent\rgba_27.tif,absent,0
rgba_270.tif,.\data\train\absent\rgba_270.tif,absent,0
rgba_271.tif,.\data\train\absent\rgba_271.tif,absent,0
rgba_272.tif,.\data\train\absent\rgba_272.tif,absent,0
rgba_273.tif,.\data\train\absent\rgba_273.tif,absent,0
rgba_274.tif,.\data\train\absent\rgba_274.tif,absent,0
rgba_275.tif,.\data\train\absent\rgba_275.tif,absent,0
rgba_276.tif,.\data\train\absent\rgba_276.tif,absent,0
rgba_277.tif,.\data\train\absent\rgba_277.tif,absent,0
rgba_278.tif,.\data\train\absent\rgba_278.tif,absent,0
rgba_279.tif,.\data\train\absent\rgba_279.tif,absent,0
rgba_28.tif,.\data\train\absent\rgba_28.tif,absent,0
rgba_280.tif,.\data\train\absent\rgba_280.tif,absent,0
rgba_281.tif,.\data\train\absent\rgba_281.tif,absent,0
rgba_283.tif,.\data\train\absent\rgba_283.tif,absent,0
rgba_284.tif,.\data\train\absent\rgba_284.tif,absent,0
rgba_285.tif,.\data\train\absent\rgba_285.tif,absent,0
rgba_287.tif,.\data\train\absent\rgba_287.tif,absent,0
rgba_288.tif,.\data\train\absent\rgba_288.tif,absent,0
rgba_289.tif,.\data\train\absent\rgba_289.tif,absent,0
rgba_29.tif,.\data\train\absent\rgba_29.tif,absent,0
rgba_291.tif,.\data\train\absent\rgba_291.tif,absent,0
rgba_292.tif,.\data\train\absent\rgba_292.tif,absent,0
rgba_293.tif,.\data\train\absent\rgba_293.tif,absent,0
rgba_294.tif,.\data\train\absent\rgba_294.tif,absent,0
rgba_295.tif,.\data\train\absent\rgba_295.tif,absent,0
rgba_296.tif,.\data\train\absent\rgba_296.tif,absent,0
rgba_298.tif,.\data\train\absent\rgba_298.tif,absent,0
rgba_299.tif,.\data\train\absent\rgba_299.tif,absent,0
rgba_3.tif,.\data\train\absent\rgba_3.tif,absent,0
rgba_30.tif,.\data\train\absent\rgba_30.tif,absent,0
rgba_300.tif,.\data\train\absent\rgba_300.tif,absent,0
rgba_302.tif,.\data\train\absent\rgba_302.tif,absent,0
rgba_303.tif,.\data\train\absent\rgba_303.tif,absent,0
rgba_304.tif,.\data\train\absent\rgba_304.tif,absent,0
rgba_306.tif,.\data\train\absent\rgba_306.tif,absent,0
rgba_307.tif,.\data\train\absent\rgba_307.tif,absent,0
rgba_308.tif,.\data\train\absent\rgba_308.tif,absent,0
rgba_309.tif,.\data\train\absent\rgba_309.tif,absent,0
rgba_31.tif,.\data\train\absent\rgba_31.tif,absent,0
rgba_311.tif,.\data\train\absent\rgba_311.tif,absent,0
rgba_314.tif,.\data\train\absent\rgba_314.tif,absent,0
rgba_317.tif,.\data\train\absent\rgba_317.tif,absent,0
rgba_319.tif,.\data\train\absent\rgba_319.tif,absent,0
rgba_32.tif,.\data\train\absent\rgba_32.tif,absent,0
rgba_320.tif,.\data\train\absent\rgba_320.tif,absent,0
rgba_321.tif,.\data\train\absent\rgba_321.tif,absent,0
rgba_326.tif,.\data\train\absent\rgba_326.tif,absent,0
rgba_327.tif,.\data\train\absent\rgba_327.tif,absent,0
rgba_328.tif,.\data\train\absent\rgba_328.tif,absent,0
rgba_33.tif,.\data\train\absent\rgba_33.tif,absent,0
rgba_331.tif,.\data\train\absent\rgba_331.tif,absent,0
rgba_332.tif,.\data\train\absent\rgba_332.tif,absent,0
rgba_334.tif,.\data\train\absent\rgba_334.tif,absent,0
rgba_336.tif,.\data\train\absent\rgba_336.tif,absent,0
rgba_338.tif,.\data\train\absent\rgba_338.tif,absent,0
rgba_339.tif,.\data\train\absent\rgba_339.tif,absent,0
rgba_340.tif,.\data\train\absent\rgba_340.tif,absent,0
rgba_341.tif,.\data\train\absent\rgba_341.tif,absent,0
rgba_342.tif,.\data\train\absent\rgba_342.tif,absent,0
rgba_343.tif,.\data\train\absent\rgba_343.tif,absent,0
rgba_344.tif,.\data\train\absent\rgba_344.tif,absent,0
rgba_345.tif,.\data\train\absent\rgba_345.tif,absent,0
rgba_346.tif,.\data\train\absent\rgba_346.tif,absent,0
rgba_347.tif,.\data\train\absent\rgba_347.tif,absent,0
rgba_348.tif,.\data\train\absent\rgba_348.tif,absent,0
rgba_349.tif,.\data\train\absent\rgba_349.tif,absent,0
rgba_35.tif,.\data\train\absent\rgba_35.tif,absent,0
rgba_351.tif,.\data\train\absent\rgba_351.tif,absent,0
rgba_352.tif,.\data\train\absent\rgba_352.tif,absent,0
rgba_355.tif,.\data\train\absent\rgba_355.tif,absent,0
rgba_356.tif,.\data\train\absent\rgba_356.tif,absent,0
rgba_357.tif,.\data\train\absent\rgba_357.tif,absent,0
rgba_358.tif,.\data\train\absent\rgba_358.tif,absent,0
rgba_359.tif,.\data\train\absent\rgba_359.tif,absent,0
rgba_36.tif,.\data\train\absent\rgba_36.tif,absent,0
rgba_360.tif,.\data\train\absent\rgba_360.tif,absent,0
rgba_361.tif,.\data\train\absent\rgba_361.tif,absent,0
rgba_362.tif,.\data\train\absent\rgba_362.tif,absent,0
rgba_363.tif,.\data\train\absent\rgba_363.tif,absent,0
rgba_364.tif,.\data\train\absent\rgba_364.tif,absent,0
rgba_366.tif,.\data\train\absent\rgba_366.tif,absent,0
rgba_367.tif,.\data\train\absent\rgba_367.tif,absent,0
rgba_368.tif,.\data\train\absent\rgba_368.tif,absent,0
rgba_37.tif,.\data\train\absent\rgba_37.tif,absent,0
rgba_370.tif,.\data\train\absent\rgba_370.tif,absent,0
rgba_371.tif,.\data\train\absent\rgba_371.tif,absent,0
rgba_374.tif,.\data\train\absent\rgba_374.tif,absent,0
rgba_377.tif,.\data\train\absent\rgba_377.tif,absent,0
rgba_378.tif,.\data\train\absent\rgba_378.tif,absent,0
rgba_379.tif,.\data\train\absent\rgba_379.tif,absent,0
rgba_38.tif,.\data\train\absent\rgba_38.tif,absent,0
rgba_380.tif,.\data\train\absent\rgba_380.tif,absent,0
rgba_381.tif,.\data\train\absent\rgba_381.tif,absent,0
rgba_383.tif,.\data\train\absent\rgba_383.tif,absent,0
rgba_384.tif,.\data\train\absent\rgba_384.tif,absent,0
rgba_385.tif,.\data\train\absent\rgba_385.tif,absent,0
rgba_386.tif,.\data\train\absent\rgba_386.tif,absent,0
rgba_387.tif,.\data\train\absent\rgba_387.tif,absent,0
rgba_388.tif,.\data\train\absent\rgba_388.tif,absent,0
rgba_389.tif,.\data\train\absent\rgba_389.tif,absent,0
rgba_39.tif,.\data\train\absent\rgba_39.tif,absent,0
rgba_390.tif,.\data\train\absent\rgba_390.tif,absent,0
rgba_391.tif,.\data\train\absent\rgba_391.tif,absent,0
rgba_393.tif,.\data\train\absent\rgba_393.tif,absent,0
rgba_394.tif,.\data\train\absent\rgba_394.tif,absent,0
rgba_395.tif,.\data\train\absent\rgba_395.tif,absent,0
rgba_396.tif,.\data\train\absent\rgba_396.tif,absent,0
rgba_397.tif,.\data\train\absent\rgba_397.tif,absent,0
rgba_398.tif,.\data\train\absent\rgba_398.tif,absent,0
rgba_399.tif,.\data\train\absent\rgba_399.tif,absent,0
rgba_4.tif,.\data\train\absent\rgba_4.tif,absent,0
rgba_40.tif,.\data\train\absent\rgba_40.tif,absent,0
rgba_400.tif,.\data\train\absent\rgba_400.tif,absent,0
rgba_401.tif,.\data\train\absent\rgba_401.tif,absent,0
rgba_402.tif,.\data\train\absent\rgba_402.tif,absent,0
rgba_404.tif,.\data\train\absent\rgba_404.tif,absent,0
rgba_405.tif,.\data\train\absent\rgba_405.tif,absent,0
rgba_406.tif,.\data\train\absent\rgba_406.tif,absent,0
rgba_407.tif,.\data\train\absent\rgba_407.tif,absent,0
rgba_408.tif,.\data\train\absent\rgba_408.tif,absent,0
rgba_409.tif,.\data\train\absent\rgba_409.tif,absent,0
rgba_41.tif,.\data\train\absent\rgba_41.tif,absent,0
rgba_410.tif,.\data\train\absent\rgba_410.tif,absent,0
rgba_411.tif,.\data\train\absent\rgba_411.tif,absent,0
rgba_412.tif,.\data\train\absent\rgba_412.tif,absent,0
rgba_414.tif,.\data\train\absent\rgba_414.tif,absent,0
rgba_415.tif,.\data\train\absent\rgba_415.tif,absent,0
rgba_416.tif,.\data\train\absent\rgba_416.tif,absent,0
rgba_417.tif,.\data\train\absent\rgba_417.tif,absent,0
rgba_418.tif,.\data\train\absent\rgba_418.tif,absent,0
rgba_419.tif,.\data\train\absent\rgba_419.tif,absent,0
rgba_42.tif,.\data\train\absent\rgba_42.tif,absent,0
rgba_420.tif,.\data\train\absent\rgba_420.tif,absent,0
rgba_421.tif,.\data\train\absent\rgba_421.tif,absent,0
rgba_422.tif,.\data\train\absent\rgba_422.tif,absent,0
rgba_423.tif,.\data\train\absent\rgba_423.tif,absent,0
rgba_424.tif,.\data\train\absent\rgba_424.tif,absent,0
rgba_425.tif,.\data\train\absent\rgba_425.tif,absent,0
rgba_426.tif,.\data\train\absent\rgba_426.tif,absent,0
rgba_427.tif,.\data\train\absent\rgba_427.tif,absent,0
rgba_428.tif,.\data\train\absent\rgba_428.tif,absent,0
rgba_429.tif,.\data\train\absent\rgba_429.tif,absent,0
rgba_43.tif,.\data\train\absent\rgba_43.tif,absent,0
rgba_430.tif,.\data\train\absent\rgba_430.tif,absent,0
rgba_431.tif,.\data\train\absent\rgba_431.tif,absent,0
rgba_432.tif,.\data\train\absent\rgba_432.tif,absent,0
rgba_434.tif,.\data\train\absent\rgba_434.tif,absent,0
rgba_435.tif,.\data\train\absent\rgba_435.tif,absent,0
rgba_436.tif,.\data\train\absent\rgba_436.tif,absent,0
rgba_437.tif,.\data\train\absent\rgba_437.tif,absent,0
rgba_438.tif,.\data\train\absent\rgba_438.tif,absent,0
rgba_439.tif,.\data\train\absent\rgba_439.tif,absent,0
rgba_44.tif,.\data\train\absent\rgba_44.tif,absent,0
rgba_440.tif,.\data\train\absent\rgba_440.tif,absent,0
rgba_441.tif,.\data\train\absent\rgba_441.tif,absent,0
rgba_442.tif,.\data\train\absent\rgba_442.tif,absent,0
rgba_448.tif,.\data\train\absent\rgba_448.tif,absent,0
rgba_449.tif,.\data\train\absent\rgba_449.tif,absent,0
rgba_45.tif,.\data\train\absent\rgba_45.tif,absent,0
rgba_450.tif,.\data\train\absent\rgba_450.tif,absent,0
rgba_451.tif,.\data\train\absent\rgba_451.tif,absent,0
rgba_452.tif,.\data\train\absent\rgba_452.tif,absent,0
rgba_454.tif,.\data\train\absent\rgba_454.tif,absent,0
rgba_455.tif,.\data\train\absent\rgba_455.tif,absent,0
rgba_456.tif,.\data\train\absent\rgba_456.tif,absent,0
rgba_459.tif,.\data\train\absent\rgba_459.tif,absent,0
rgba_46.tif,.\data\train\absent\rgba_46.tif,absent,0
rgba_461.tif,.\data\train\absent\rgba_461.tif,absent,0
rgba_462.tif,.\data\train\absent\rgba_462.tif,absent,0
rgba_465.tif,.\data\train\absent\rgba_465.tif,absent,0
rgba_466.tif,.\data\train\absent\rgba_466.tif,absent,0
rgba_467.tif,.\data\train\absent\rgba_467.tif,absent,0
rgba_468.tif,.\data\train\absent\rgba_468.tif,absent,0
rgba_469.tif,.\data\train\absent\rgba_469.tif,absent,0
rgba_470.tif,.\data\train\absent\rgba_470.tif,absent,0
rgba_471.tif,.\data\train\absent\rgba_471.tif,absent,0
rgba_472.tif,.\data\train\absent\rgba_472.tif,absent,0
rgba_473.tif,.\data\train\absent\rgba_473.tif,absent,0
rgba_474.tif,.\data\train\absent\rgba_474.tif,absent,0
rgba_475.tif,.\data\train\absent\rgba_475.tif,absent,0
rgba_476.tif,.\data\train\absent\rgba_476.tif,absent,0
rgba_477.tif,.\data\train\absent\rgba_477.tif,absent,0
rgba_478.tif,.\data\train\absent\rgba_478.tif,absent,0
rgba_479.tif,.\data\train\absent\rgba_479.tif,absent,0
rgba_48.tif,.\data\train\absent\rgba_48.tif,absent,0
rgba_480.tif,.\data\train\absent\rgba_480.tif,absent,0
rgba_481.tif,.\data\train\absent\rgba_481.tif,absent,0
rgba_482.tif,.\data\train\absent\rgba_482.tif,absent,0
rgba_485.tif,.\data\train\absent\rgba_485.tif,absent,0
rgba_486.tif,.\data\train\absent\rgba_486.tif,absent,0
rgba_488.tif,.\data\train\absent\rgba_488.tif,absent,0
rgba_489.tif,.\data\train\absent\rgba_489.tif,absent,0
rgba_49.tif,.\data\train\absent\rgba_49.tif,absent,0
rgba_491.tif,.\data\train\absent\rgba_491.tif,absent,0
rgba_492.tif,.\data\train\absent\rgba_492.tif,absent,0
rgba_493.tif,.\data\train\absent\rgba_493.tif,absent,0
rgba_494.tif,.\data\train\absent\rgba_494.tif,absent,0
rgba_495.tif,.\data\train\absent\rgba_495.tif,absent,0
rgba_497.tif,.\data\train\absent\rgba_497.tif,absent,0
rgba_498.tif,.\data\train\absent\rgba_498.tif,absent,0
rgba_5.tif,.\data\train\absent\rgba_5.tif,absent,0
rgba_50.tif,.\data\train\absent\rgba_50.tif,absent,0
rgba_501.tif,.\data\train\absent\rgba_501.tif,absent,0
rgba_502.tif,.\data\train\absent\rgba_502.tif,absent,0
rgba_504.tif,.\data\train\absent\rgba_504.tif,absent,0
rgba_505.tif,.\data\train\absent\rgba_505.tif,absent,0
rgba_506.tif,.\data\train\absent\rgba_506.tif,absent,0
rgba_507.tif,.\data\train\absent\rgba_507.tif,absent,0
rgba_508.tif,.\data\train\absent\rgba_508.tif,absent,0
rgba_509.tif,.\data\train\absent\rgba_509.tif,absent,0
rgba_51.tif,.\data\train\absent\rgba_51.tif,absent,0
rgba_510.tif,.\data\train\absent\rgba_510.tif,absent,0
rgba_511.tif,.\data\train\absent\rgba_511.tif,absent,0
rgba_512.tif,.\data\train\absent\rgba_512.tif,absent,0
rgba_515.tif,.\data\train\absent\rgba_515.tif,absent,0
rgba_516.tif,.\data\train\absent\rgba_516.tif,absent,0
rgba_517.tif,.\data\train\absent\rgba_517.tif,absent,0
rgba_518.tif,.\data\train\absent\rgba_518.tif,absent,0
rgba_519.tif,.\data\train\absent\rgba_519.tif,absent,0
rgba_520.tif,.\data\train\absent\rgba_520.tif,absent,0
rgba_521.tif,.\data\train\absent\rgba_521.tif,absent,0
rgba_522.tif,.\data\train\absent\rgba_522.tif,absent,0
rgba_523.tif,.\data\train\absent\rgba_523.tif,absent,0
rgba_524.tif,.\data\train\absent\rgba_524.tif,absent,0
rgba_525.tif,.\data\train\absent\rgba_525.tif,absent,0
rgba_526.tif,.\data\train\absent\rgba_526.tif,absent,0
rgba_527.tif,.\data\train\absent\rgba_527.tif,absent,0
rgba_528.tif,.\data\train\absent\rgba_528.tif,absent,0
rgba_529.tif,.\data\train\absent\rgba_529.tif,absent,0
rgba_53.tif,.\data\train\absent\rgba_53.tif,absent,0
rgba_530.tif,.\data\train\absent\rgba_530.tif,absent,0
rgba_531.tif,.\data\train\absent\rgba_531.tif,absent,0
rgba_532.tif,.\data\train\absent\rgba_532.tif,absent,0
rgba_533.tif,.\data\train\absent\rgba_533.tif,absent,0
rgba_536.tif,.\data\train\absent\rgba_536.tif,absent,0
rgba_538.tif,.\data\train\absent\rgba_538.tif,absent,0
rgba_539.tif,.\data\train\absent\rgba_539.tif,absent,0
rgba_54.tif,.\data\train\absent\rgba_54.tif,absent,0
rgba_540.tif,.\data\train\absent\rgba_540.tif,absent,0
rgba_541.tif,.\data\train\absent\rgba_541.tif,absent,0
rgba_542.tif,.\data\train\absent\rgba_542.tif,absent,0
rgba_543.tif,.\data\train\absent\rgba_543.tif,absent,0
rgba_544.tif,.\data\train\absent\rgba_544.tif,absent,0
rgba_545.tif,.\data\train\absent\rgba_545.tif,absent,0
rgba_546.tif,.\data\train\absent\rgba_546.tif,absent,0
rgba_547.tif,.\data\train\absent\rgba_547.tif,absent,0
rgba_549.tif,.\data\train\absent\rgba_549.tif,absent,0
rgba_55.tif,.\data\train\absent\rgba_55.tif,absent,0
rgba_550.tif,.\data\train\absent\rgba_550.tif,absent,0
rgba_551.tif,.\data\train\absent\rgba_551.tif,absent,0
rgba_552.tif,.\data\train\absent\rgba_552.tif,absent,0
rgba_553.tif,.\data\train\absent\rgba_553.tif,absent,0
rgba_555.tif,.\data\train\absent\rgba_555.tif,absent,0
rgba_556.tif,.\data\train\absent\rgba_556.tif,absent,0
rgba_557.tif,.\data\train\absent\rgba_557.tif,absent,0
rgba_558.tif,.\data\train\absent\rgba_558.tif,absent,0
rgba_559.tif,.\data\train\absent\rgba_559.tif,absent,0
rgba_56.tif,.\data\train\absent\rgba_56.tif,absent,0
rgba_561.tif,.\data\train\absent\rgba_561.tif,absent,0
rgba_562.tif,.\data\train\absent\rgba_562.tif,absent,0
rgba_563.tif,.\data\train\absent\rgba_563.tif,absent,0
rgba_564.tif,.\data\train\absent\rgba_564.tif,absent,0
rgba_566.tif,.\data\train\absent\rgba_566.tif,absent,0
rgba_567.tif,.\data\train\absent\rgba_567.tif,absent,0
rgba_569.tif,.\data\train\absent\rgba_569.tif,absent,0
rgba_57.tif,.\data\train\absent\rgba_57.tif,absent,0
rgba_570.tif,.\data\train\absent\rgba_570.tif,absent,0
rgba_572.tif,.\data\train\absent\rgba_572.tif,absent,0
rgba_573.tif,.\data\train\absent\rgba_573.tif,absent,0
rgba_574.tif,.\data\train\absent\rgba_574.tif,absent,0
rgba_575.tif,.\data\train\absent\rgba_575.tif,absent,0
rgba_576.tif,.\data\train\absent\rgba_576.tif,absent,0
rgba_577.tif,.\data\train\absent\rgba_577.tif,absent,0
rgba_578.tif,.\data\train\absent\rgba_578.tif,absent,0
rgba_58.tif,.\data\train\absent\rgba_58.tif,absent,0
rgba_580.tif,.\data\train\absent\rgba_580.tif,absent,0
rgba_581.tif,.\data\train\absent\rgba_581.tif,absent,0
rgba_582.tif,.\data\train\absent\rgba_582.tif,absent,0
rgba_583.tif,.\data\train\absent\rgba_583.tif,absent,0
rgba_584.tif,.\data\train\absent\rgba_584.tif,absent,0
rgba_585.tif,.\data\train\absent\rgba_585.tif,absent,0
rgba_586.tif,.\data\train\absent\rgba_586.tif,absent,0
rgba_587.tif,.\data\train\absent\rgba_587.tif,absent,0
rgba_588.tif,.\data\train\absent\rgba_588.tif,absent,0
rgba_589.tif,.\data\train\absent\rgba_589.tif,absent,0
rgba_591.tif,.\data\train\absent\rgba_591.tif,absent,0
rgba_592.tif,.\data\train\absent\rgba_592.tif,absent,0
rgba_593.tif,.\data\train\absent\rgba_593.tif,absent,0
rgba_594.tif,.\data\train\absent\rgba_594.tif,absent,0
rgba_595.tif,.\data\train\absent\rgba_595.tif,absent,0
rgba_597.tif,.\data\train\absent\rgba_597.tif,absent,0
rgba_598.tif,.\data\train\absent\rgba_598.tif,absent,0
rgba_599.tif,.\data\train\absent\rgba_599.tif,absent,0
rgba_6.tif,.\data\train\absent\rgba_6.tif,absent,0
rgba_60.tif,.\data\train\absent\rgba_60.tif,absent,0
rgba_600.tif,.\data\train\absent\rgba_600.tif,absent,0
rgba_601.tif,.\data\train\absent\rgba_601.tif,absent,0
rgba_602.tif,.\data\train\absent\rgba_602.tif,absent,0
rgba_603.tif,.\data\train\absent\rgba_603.tif,absent,0
rgba_605.tif,.\data\train\absent\rgba_605.tif,absent,0
rgba_606.tif,.\data\train\absent\rgba_606.tif,absent,0
rgba_607.tif,.\data\train\absent\rgba_607.tif,absent,0
rgba_609.tif,.\data\train\absent\rgba_609.tif,absent,0
rgba_610.tif,.\data\train\absent\rgba_610.tif,absent,0
rgba_611.tif,.\data\train\absent\rgba_611.tif,absent,0
rgba_612.tif,.\data\train\absent\rgba_612.tif,absent,0
rgba_613.tif,.\data\train\absent\rgba_613.tif,absent,0
rgba_614.tif,.\data\train\absent\rgba_614.tif,absent,0
rgba_616.tif,.\data\train\absent\rgba_616.tif,absent,0
rgba_617.tif,.\data\train\absent\rgba_617.tif,absent,0
rgba_619.tif,.\data\train\absent\rgba_619.tif,absent,0
rgba_62.tif,.\data\train\absent\rgba_62.tif,absent,0
rgba_620.tif,.\data\train\absent\rgba_620.tif,absent,0
rgba_621.tif,.\data\train\absent\rgba_621.tif,absent,0
rgba_622.tif,.\data\train\absent\rgba_622.tif,absent,0
rgba_624.tif,.\data\train\absent\rgba_624.tif,absent,0
rgba_625.tif,.\data\train\absent\rgba_625.tif,absent,0
rgba_627.tif,.\data\train\absent\rgba_627.tif,absent,0
rgba_628.tif,.\data\train\absent\rgba_628.tif,absent,0
rgba_629.tif,.\data\train\absent\rgba_629.tif,absent,0
rgba_630.tif,.\data\train\absent\rgba_630.tif,absent,0
rgba_632.tif,.\data\train\absent\rgba_632.tif,absent,0
rgba_633.tif,.\data\train\absent\rgba_633.tif,absent,0
rgba_634.tif,.\data\train\absent\rgba_634.tif,absent,0
rgba_635.tif,.\data\train\absent\rgba_635.tif,absent,0
rgba_636.tif,.\data\train\absent\rgba_636.tif,absent,0
rgba_637.tif,.\data\train\absent\rgba_637.tif,absent,0
rgba_638.tif,.\data\train\absent\rgba_638.tif,absent,0
rgba_64.tif,.\data\train\absent\rgba_64.tif,absent,0
rgba_641.tif,.\data\train\absent\rgba_641.tif,absent,0
rgba_643.tif,.\data\train\absent\rgba_643.tif,absent,0
rgba_644.tif,.\data\train\absent\rgba_644.tif,absent,0
rgba_645.tif,.\data\train\absent\rgba_645.tif,absent,0
rgba_646.tif,.\data\train\absent\rgba_646.tif,absent,0
rgba_647.tif,.\data\train\absent\rgba_647.tif,absent,0
rgba_648.tif,.\data\train\absent\rgba_648.tif,absent,0
rgba_649.tif,.\data\train\absent\rgba_649.tif,absent,0
rgba_650.tif,.\data\train\absent\rgba_650.tif,absent,0
rgba_651.tif,.\data\train\absent\rgba_651.tif,absent,0
rgba_653.tif,.\data\train\absent\rgba_653.tif,absent,0
rgba_654.tif,.\data\train\absent\rgba_654.tif,absent,0
rgba_655.tif,.\data\train\absent\rgba_655.tif,absent,0
rgba_656.tif,.\data\train\absent\rgba_656.tif,absent,0
rgba_659.tif,.\data\train\absent\rgba_659.tif,absent,0
rgba_66.tif,.\data\train\absent\rgba_66.tif,absent,0
rgba_660.tif,.\data\train\absent\rgba_660.tif,absent,0
rgba_661.tif,.\data\train\absent\rgba_661.tif,absent,0
rgba_663.tif,.\data\train\absent\rgba_663.tif,absent,0
rgba_664.tif,.\data\train\absent\rgba_664.tif,absent,0
rgba_666.tif,.\data\train\absent\rgba_666.tif,absent,0
rgba_667.tif,.\data\train\absent\rgba_667.tif,absent,0
rgba_668.tif,.\data\train\absent\rgba_668.tif,absent,0
rgba_669.tif,.\data\train\absent\rgba_669.tif,absent,0
rgba_67.tif,.\data\train\absent\rgba_67.tif,absent,0
rgba_670.tif,.\data\train\absent\rgba_670.tif,absent,0
rgba_671.tif,.\data\train\absent\rgba_671.tif,absent,0
rgba_673.tif,.\data\train\absent\rgba_673.tif,absent,0
rgba_674.tif,.\data\train\absent\rgba_674.tif,absent,0
rgba_676.tif,.\data\train\absent\rgba_676.tif,absent,0
rgba_677.tif,.\data\train\absent\rgba_677.tif,absent,0
rgba_679.tif,.\data\train\absent\rgba_679.tif,absent,0
rgba_68.tif,.\data\train\absent\rgba_68.tif,absent,0
rgba_680.tif,.\data\train\absent\rgba_680.tif,absent,0
rgba_681.tif,.\data\train\absent\rgba_681.tif,absent,0
rgba_682.tif,.\data\train\absent\rgba_682.tif,absent,0
rgba_683.tif,.\data\train\absent\rgba_683.tif,absent,0
rgba_685.tif,.\data\train\absent\rgba_685.tif,absent,0
rgba_686.tif,.\data\train\absent\rgba_686.tif,absent,0
rgba_687.tif,.\data\train\absent\rgba_687.tif,absent,0
rgba_688.tif,.\data\train\absent\rgba_688.tif,absent,0
rgba_69.tif,.\data\train\absent\rgba_69.tif,absent,0
rgba_690.tif,.\data\train\absent\rgba_690.tif,absent,0
rgba_691.tif,.\data\train\absent\rgba_691.tif,absent,0
rgba_692.tif,.\data\train\absent\rgba_692.tif,absent,0
rgba_693.tif,.\data\train\absent\rgba_693.tif,absent,0
rgba_694.tif,.\data\train\absent\rgba_694.tif,absent,0
rgba_695.tif,.\data\train\absent\rgba_695.tif,absent,0
rgba_696.tif,.\data\train\absent\rgba_696.tif,absent,0
rgba_697.tif,.\data\train\absent\rgba_697.tif,absent,0
rgba_699.tif,.\data\train\absent\rgba_699.tif,absent,0
rgba_70.tif,.\data\train\absent\rgba_70.tif,absent,0
rgba_700.tif,.\data\train\absent\rgba_700.tif,absent,0
rgba_701.tif,.\data\train\absent\rgba_701.tif,absent,0
rgba_702.tif,.\data\train\absent\rgba_702.tif,absent,0
rgba_703.tif,.\data\train\absent\rgba_703.tif,absent,0
rgba_704.tif,.\data\train\absent\rgba_704.tif,absent,0
rgba_706.tif,.\data\train\absent\rgba_706.tif,absent,0
rgba_708.tif,.\data\train\absent\rgba_708.tif,absent,0
rgba_709.tif,.\data\train\absent\rgba_709.tif,absent,0
rgba_711.tif,.\data\train\absent\rgba_711.tif,absent,0
rgba_712.tif,.\data\train\absent\rgba_712.tif,absent,0
rgba_713.tif,.\data\train\absent\rgba_713.tif,absent,0
rgba_714.tif,.\data\train\absent\rgba_714.tif,absent,0
rgba_716.tif,.\data\train\absent\rgba_716.tif,absent,0
rgba_717.tif,.\data\train\absent\rgba_717.tif,absent,0
rgba_718.tif,.\data\train\absent\rgba_718.tif,absent,0
rgba_719.tif,.\data\train\absent\rgba_719.tif,absent,0
rgba_72.tif,.\data\train\absent\rgba_72.tif,absent,0
rgba_720.tif,.\data\train\absent\rgba_720.tif,absent,0
rgba_721.tif,.\data\train\absent\rgba_721.tif,absent,0
rgba_722.tif,.\data\train\absent\rgba_722.tif,absent,0
rgba_723.tif,.\data\train\absent\rgba_723.tif,absent,0
rgba_724.tif,.\data\train\absent\rgba_724.tif,absent,0
rgba_725.tif,.\data\train\absent\rgba_725.tif,absent,0
rgba_728.tif,.\data\train\absent\rgba_728.tif,absent,0
rgba_729.tif,.\data\train\absent\rgba_729.tif,absent,0
rgba_73.tif,.\data\train\absent\rgba_73.tif,absent,0
rgba_730.tif,.\data\train\absent\rgba_730.tif,absent,0
rgba_731.tif,.\data\train\absent\rgba_731.tif,absent,0
rgba_732.tif,.\data\train\absent\rgba_732.tif,absent,0
rgba_733.tif,.\data\train\absent\rgba_733.tif,absent,0
rgba_734.tif,.\data\train\absent\rgba_734.tif,absent,0
rgba_736.tif,.\data\train\absent\rgba_736.tif,absent,0
rgba_737.tif,.\data\train\absent\rgba_737.tif,absent,0
rgba_738.tif,.\data\train\absent\rgba_738.tif,absent,0
rgba_739.tif,.\data\train\absent\rgba_739.tif,absent,0
rgba_74.tif,.\data\train\absent\rgba_74.tif,absent,0
rgba_740.tif,.\data\train\absent\rgba_740.tif,absent,0
rgba_741.tif,.\data\train\absent\rgba_741.tif,absent,0
rgba_742.tif,.\data\train\absent\rgba_742.tif,absent,0
rgba_743.tif,.\data\train\absent\rgba_743.tif,absent,0
rgba_745.tif,.\data\train\absent\rgba_745.tif,absent,0
rgba_746.tif,.\data\train\absent\rgba_746.tif,absent,0
rgba_747.tif,.\data\train\absent\rgba_747.tif,absent,0
rgba_748.tif,.\data\train\absent\rgba_748.tif,absent,0
rgba_749.tif,.\data\train\absent\rgba_749.tif,absent,0
rgba_75.tif,.\data\train\absent\rgba_75.tif,absent,0
rgba_750.tif,.\data\train\absent\rgba_750.tif,absent,0
rgba_751.tif,.\data\train\absent\rgba_751.tif,absent,0
rgba_752.tif,.\data\train\absent\rgba_752.tif,absent,0
rgba_753.tif,.\data\train\absent\rgba_753.tif,absent,0
rgba_755.tif,.\data\train\absent\rgba_755.tif,absent,0
rgba_756.tif,.\data\train\absent\rgba_756.tif,absent,0
rgba_757.tif,.\data\train\absent\rgba_757.tif,absent,0
rgba_758.tif,.\data\train\absent\rgba_758.tif,absent,0
rgba_759.tif,.\data\train\absent\rgba_759.tif,absent,0
rgba_76.tif,.\data\train\absent\rgba_76.tif,absent,0
rgba_760.tif,.\data\train\absent\rgba_760.tif,absent,0
rgba_761.tif,.\data\train\absent\rgba_761.tif,absent,0
rgba_762.tif,.\data\train\absent\rgba_762.tif,absent,0
rgba_763.tif,.\data\train\absent\rgba_763.tif,absent,0
rgba_764.tif,.\data\train\absent\rgba_764.tif,absent,0
rgba_765.tif,.\data\train\absent\rgba_765.tif,absent,0
rgba_767.tif,.\data\train\absent\rgba_767.tif,absent,0
rgba_768.tif,.\data\train\absent\rgba_768.tif,absent,0
rgba_769.tif,.\data\train\absent\rgba_769.tif,absent,0
rgba_77.tif,.\data\train\absent\rgba_77.tif,absent,0
rgba_770.tif,.\data\train\absent\rgba_770.tif,absent,0
rgba_771.tif,.\data\train\absent\rgba_771.tif,absent,0
rgba_772.tif,.\data\train\absent\rgba_772.tif,absent,0
rgba_774.tif,.\data\train\absent\rgba_774.tif,absent,0
rgba_775.tif,.\data\train\absent\rgba_775.tif,absent,0
rgba_776.tif,.\data\train\absent\rgba_776.tif,absent,0
rgba_777.tif,.\data\train\absent\rgba_777.tif,absent,0
rgba_779.tif,.\data\train\absent\rgba_779.tif,absent,0
rgba_78.tif,.\data\train\absent\rgba_78.tif,absent,0
rgba_780.tif,.\data\train\absent\rgba_780.tif,absent,0
rgba_781.tif,.\data\train\absent\rgba_781.tif,absent,0
rgba_782.tif,.\data\train\absent\rgba_782.tif,absent,0
rgba_784.tif,.\data\train\absent\rgba_784.tif,absent,0
rgba_785.tif,.\data\train\absent\rgba_785.tif,absent,0
rgba_786.tif,.\data\train\absent\rgba_786.tif,absent,0
rgba_787.tif,.\data\train\absent\rgba_787.tif,absent,0
rgba_788.tif,.\data\train\absent\rgba_788.tif,absent,0
rgba_789.tif,.\data\train\absent\rgba_789.tif,absent,0
rgba_790.tif,.\data\train\absent\rgba_790.tif,absent,0
rgba_791.tif,.\data\train\absent\rgba_791.tif,absent,0
rgba_792.tif,.\data\train\absent\rgba_792.tif,absent,0
rgba_794.tif,.\data\train\absent\rgba_794.tif,absent,0
rgba_795.tif,.\data\train\absent\rgba_795.tif,absent,0
rgba_796.tif,.\data\train\absent\rgba_796.tif,absent,0
rgba_797.tif,.\data\train\absent\rgba_797.tif,absent,0
rgba_798.tif,.\data\train\absent\rgba_798.tif,absent,0
rgba_799.tif,.\data\train\absent\rgba_799.tif,absent,0
rgba_8.tif,.\data\train\absent\rgba_8.tif,absent,0
rgba_80.tif,.\data\train\absent\rgba_80.tif,absent,0
rgba_801.tif,.\data\train\absent\rgba_801.tif,absent,0
rgba_802.tif,.\data\train\absent\rgba_802.tif,absent,0
rgba_803.tif,.\data\train\absent\rgba_803.tif,absent,0
rgba_804.tif,.\data\train\absent\rgba_804.tif,absent,0
rgba_805.tif,.\data\train\absent\rgba_805.tif,absent,0
rgba_808.tif,.\data\train\absent\rgba_808.tif,absent,0
rgba_809.tif,.\data\train\absent\rgba_809.tif,absent,0
rgba_81.tif,.\data\train\absent\rgba_81.tif,absent,0
rgba_810.tif,.\data\train\absent\rgba_810.tif,absent,0
rgba_811.tif,.\data\train\absent\rgba_811.tif,absent,0
rgba_812.tif,.\data\train\absent\rgba_812.tif,absent,0
rgba_815.tif,.\data\train\absent\rgba_815.tif,absent,0
rgba_818.tif,.\data\train\absent\rgba_818.tif,absent,0
rgba_819.tif,.\data\train\absent\rgba_819.tif,absent,0
rgba_821.tif,.\data\train\absent\rgba_821.tif,absent,0
rgba_822.tif,.\data\train\absent\rgba_822.tif,absent,0
rgba_823.tif,.\data\train\absent\rgba_823.tif,absent,0
rgba_824.tif,.\data\train\absent\rgba_824.tif,absent,0
rgba_825.tif,.\data\train\absent\rgba_825.tif,absent,0
rgba_827.tif,.\data\train\absent\rgba_827.tif,absent,0
rgba_828.tif,.\data\train\absent\rgba_828.tif,absent,0
rgba_829.tif,.\data\train\absent\rgba_829.tif,absent,0
rgba_830.tif,.\data\train\absent\rgba_830.tif,absent,0
rgba_831.tif,.\data\train\absent\rgba_831.tif,absent,0
rgba_833.tif,.\data\train\absent\rgba_833.tif,absent,0
rgba_834.tif,.\data\train\absent\rgba_834.tif,absent,0
rgba_835.tif,.\data\train\absent\rgba_835.tif,absent,0
rgba_836.tif,.\data\train\absent\rgba_836.tif,absent,0
rgba_837.tif,.\data\train\absent\rgba_837.tif,absent,0
rgba_838.tif,.\data\train\absent\rgba_838.tif,absent,0
rgba_84.tif,.\data\train\absent\rgba_84.tif,absent,0
rgba_840.tif,.\data\train\absent\rgba_840.tif,absent,0
rgba_842.tif,.\data\train\absent\rgba_842.tif,absent,0
rgba_843.tif,.\data\train\absent\rgba_843.tif,absent,0
rgba_845.tif,.\data\train\absent\rgba_845.tif,absent,0
rgba_846.tif,.\data\train\absent\rgba_846.tif,absent,0
rgba_848.tif,.\data\train\absent\rgba_848.tif,absent,0
rgba_849.tif,.\data\train\absent\rgba_849.tif,absent,0
rgba_85.tif,.\data\train\absent\rgba_85.tif,absent,0
rgba_850.tif,.\data\train\absent\rgba_850.tif,absent,0
rgba_851.tif,.\data\train\absent\rgba_851.tif,absent,0
rgba_852.tif,.\data\train\absent\rgba_852.tif,absent,0
rgba_853.tif,.\data\train\absent\rgba_853.tif,absent,0
rgba_854.tif,.\data\train\absent\rgba_854.tif,absent,0
rgba_855.tif,.\data\train\absent\rgba_855.tif,absent,0
rgba_856.tif,.\data\train\absent\rgba_856.tif,absent,0
rgba_857.tif,.\data\train\absent\rgba_857.tif,absent,0
rgba_858.tif,.\data\train\absent\rgba_858.tif,absent,0
rgba_86.tif,.\data\train\absent\rgba_86.tif,absent,0
rgba_862.tif,.\data\train\absent\rgba_862.tif,absent,0
rgba_863.tif,.\data\train\absent\rgba_863.tif,absent,0
rgba_864.tif,.\data\train\absent\rgba_864.tif,absent,0
rgba_865.tif,.\data\train\absent\rgba_865.tif,absent,0
rgba_866.tif,.\data\train\absent\rgba_866.tif,absent,0
rgba_867.tif,.\data\train\absent\rgba_867.tif,absent,0
rgba_869.tif,.\data\train\absent\rgba_869.tif,absent,0
rgba_87.tif,.\data\train\absent\rgba_87.tif,absent,0
rgba_870.tif,.\data\train\absent\rgba_870.tif,absent,0
rgba_871.tif,.\data\train\absent\rgba_871.tif,absent,0
rgba_872.tif,.\data\train\absent\rgba_872.tif,absent,0
rgba_873.tif,.\data\train\absent\rgba_873.tif,absent,0
rgba_875.tif,.\data\train\absent\rgba_875.tif,absent,0
rgba_876.tif,.\data\train\absent\rgba_876.tif,absent,0
rgba_877.tif,.\data\train\absent\rgba_877.tif,absent,0
rgba_879.tif,.\data\train\absent\rgba_879.tif,absent,0
rgba_88.tif,.\data\train\absent\rgba_88.tif,absent,0
rgba_880.tif,.\data\train\absent\rgba_880.tif,absent,0
rgba_881.tif,.\data\train\absent\rgba_881.tif,absent,0
rgba_882.tif,.\data\train\absent\rgba_882.tif,absent,0
rgba_883.tif,.\data\train\absent\rgba_883.tif,absent,0
rgba_884.tif,.\data\train\absent\rgba_884.tif,absent,0
rgba_886.tif,.\data\train\absent\rgba_886.tif,absent,0
rgba_887.tif,.\data\train\absent\rgba_887.tif,absent,0
rgba_888.tif,.\data\train\absent\rgba_888.tif,absent,0
rgba_89.tif,.\data\train\absent\rgba_89.tif,absent,0
rgba_891.tif,.\data\train\absent\rgba_891.tif,absent,0
rgba_892.tif,.\data\train\absent\rgba_892.tif,absent,0
rgba_893.tif,.\data\train\absent\rgba_893.tif,absent,0
rgba_894.tif,.\data\train\absent\rgba_894.tif,absent,0
rgba_895.tif,.\data\train\absent\rgba_895.tif,absent,0
rgba_896.tif,.\data\train\absent\rgba_896.tif,absent,0
rgba_897.tif,.\data\train\absent\rgba_897.tif,absent,0
rgba_898.tif,.\data\train\absent\rgba_898.tif,absent,0
rgba_899.tif,.\data\train\absent\rgba_899.tif,absent,0
rgba_900.tif,.\data\train\absent\rgba_900.tif,absent,0
rgba_901.tif,.\data\train\absent\rgba_901.tif,absent,0
rgba_902.tif,.\data\train\absent\rgba_902.tif,absent,0
rgba_904.tif,.\data\train\absent\rgba_904.tif,absent,0
rgba_905.tif,.\data\train\absent\rgba_905.tif,absent,0
rgba_907.tif,.\data\train\absent\rgba_907.tif,absent,0
rgba_908.tif,.\data\train\absent\rgba_908.tif,absent,0
rgba_91.tif,.\data\train\absent\rgba_91.tif,absent,0
rgba_910.tif,.\data\train\absent\rgba_910.tif,absent,0
rgba_911.tif,.\data\train\absent\rgba_911.tif,absent,0
rgba_912.tif,.\data\train\absent\rgba_912.tif,absent,0
rgba_913.tif,.\data\train\absent\rgba_913.tif,absent,0
rgba_914.tif,.\data\train\absent\rgba_914.tif,absent,0
rgba_916.tif,.\data\train\absent\rgba_916.tif,absent,0
rgba_918.tif,.\data\train\absent\rgba_918.tif,absent,0
rgba_92.tif,.\data\train\absent\rgba_92.tif,absent,0
rgba_921.tif,.\data\train\absent\rgba_921.tif,absent,0
rgba_922.tif,.\data\train\absent\rgba_922.tif,absent,0
rgba_923.tif,.\data\train\absent\rgba_923.tif,absent,0
rgba_924.tif,.\data\train\absent\rgba_924.tif,absent,0
rgba_925.tif,.\data\train\absent\rgba_925.tif,absent,0
rgba_927.tif,.\data\train\absent\rgba_927.tif,absent,0
rgba_928.tif,.\data\train\absent\rgba_928.tif,absent,0
rgba_930.tif,.\data\train\absent\rgba_930.tif,absent,0
rgba_931.tif,.\data\train\absent\rgba_931.tif,absent,0
rgba_932.tif,.\data\train\absent\rgba_932.tif,absent,0
rgba_933.tif,.\data\train\absent\rgba_933.tif,absent,0
rgba_934.tif,.\data\train\absent\rgba_934.tif,absent,0
rgba_936.tif,.\data\train\absent\rgba_936.tif,absent,0
rgba_937.tif,.\data\train\absent\rgba_937.tif,absent,0
rgba_938.tif,.\data\train\absent\rgba_938.tif,absent,0
rgba_94.tif,.\data\train\absent\rgba_94.tif,absent,0
rgba_941.tif,.\data\train\absent\rgba_941.tif,absent,0
rgba_942.tif,.\data\train\absent\rgba_942.tif,absent,0
rgba_944.tif,.\data\train\absent\rgba_944.tif,absent,0
rgba_945.tif,.\data\train\absent\rgba_945.tif,absent,0
rgba_946.tif,.\data\train\absent\rgba_946.tif,absent,0
rgba_948.tif,.\data\train\absent\rgba_948.tif,absent,0
rgba_949.tif,.\data\train\absent\rgba_949.tif,absent,0
rgba_95.tif,.\data\train\absent\rgba_95.tif,absent,0
rgba_950.tif,.\data\train\absent\rgba_950.tif,absent,0
rgba_952.tif,.\data\train\absent\rgba_952.tif,absent,0
rgba_953.tif,.\data\train\absent\rgba_953.tif,absent,0
rgba_954.tif,.\data\train\absent\rgba_954.tif,absent,0
rgba_955.tif,.\data\train\absent\rgba_955.tif,absent,0
rgba_956.tif,.\data\train\absent\rgba_956.tif,absent,0
rgba_957.tif,.\data\train\absent\rgba_957.tif,absent,0
rgba_958.tif,.\data\train\absent\rgba_958.tif,absent,0
rgba_959.tif,.\data\train\absent\rgba_959.tif,absent,0
rgba_96.tif,.\data\train\absent\rgba_96.tif,absent,0
rgba_962.tif,.\data\train\absent\rgba_962.tif,absent,0
rgba_963.tif,.\data\train\absent\rgba_963.tif,absent,0
rgba_964.tif,.\data\train\absent\rgba_964.tif,absent,0
rgba_965.tif,.\data\train\absent\rgba_965.tif,absent,0
rgba_966.tif,.\data\train\absent\rgba_966.tif,absent,0
rgba_967.tif,.\data\train\absent\rgba_967.tif,absent,0
rgba_968.tif,.\data\train\absent\rgba_968.tif,absent,0
rgba_969.tif,.\data\train\absent\rgba_969.tif,absent,0
rgba_97.tif,.\data\train\absent\rgba_97.tif,absent,0
rgba_970.tif,.\data\train\absent\rgba_970.tif,absent,0
rgba_971.tif,.\data\train\absent\rgba_971.tif,absent,0
rgba_972.tif,.\data\train\absent\rgba_972.tif,absent,0
rgba_973.tif,.\data\train\absent\rgba_973.tif,absent,0
rgba_974.tif,.\data\train\absent\rgba_974.tif,absent,0
rgba_975.tif,.\data\train\absent\rgba_975.tif,absent,0
rgba_976.tif,.\data\train\absent\rgba_976.tif,absent,0
rgba_977.tif,.\data\train\absent\rgba_977.tif,absent,0
rgba_978.tif,.\data\train\absent\rgba_978.tif,absent,0
rgba_979.tif,.\data\train\absent\rgba_979.tif,absent,0
rgba_980.tif,.\data\train\absent\rgba_980.tif,absent,0
rgba_981.tif,.\data\train\absent\rgba_981.tif,absent,0
rgba_984.tif,.\data\train\absent\rgba_984.tif,absent,0
rgba_985.tif,.\data\train\absent\rgba_985.tif,absent,0
rgba_986.tif,.\data\train\absent\rgba_986.tif,absent,0
rgba_987.tif,.\data\train\absent\rgba_987.tif,absent,0
rgba_988.tif,.\data\train\absent\rgba_988.tif,absent,0
rgba_989.tif,.\data\train\absent\rgba_989.tif,absent,0
rgba_990.tif,.\data\train\absent\rgba_990.tif,absent,0
rgba_991.tif,.\data\train\absent\rgba_991.tif,absent,0
rgba_992.tif,.\data\train\absent\rgba_992.tif,absent,0
rgba_995.tif,.\data\train\absent\rgba_995.tif,absent,0
rgba_996.tif,.\data\train\absent\rgba_996.tif,absent,0
rgba_997.tif,.\data\train\absent\rgba_997.tif,absent,0
rgba_998.tif,.\data\train\absent\rgba_998.tif,absent,0
rgba_999.tif,.\data\train\absent\rgba_999.tif,absent,0
rgb_0.tif,.\data\train\present\rgb_0.tif,present,1
rgb_1.tif,.\data\train\present\rgb_1.tif,present,1
rgb_10.tif,.\data\train\present\rgb_10.tif,present,1
rgb_100.tif,.\data\train\present\rgb_100.tif,present,1
rgb_1000.tif,.\data\train\present\rgb_1000.tif,present,1
rgb_1001.tif,.\data\train\present\rgb_1001.tif,present,1
rgb_1002.tif,.\data\train\present\rgb_1002.tif,present,1
rgb_1003.tif,.\data\train\present\rgb_1003.tif,present,1
rgb_1005.tif,.\data\train\present\rgb_1005.tif,present,1
rgb_1007.tif,.\data\train\present\rgb_1007.tif,present,1
rgb_1009.tif,.\data\train\present\rgb_1009.tif,present,1
rgb_1012.tif,.\data\train\present\rgb_1012.tif,present,1
rgb_1013.tif,.\data\train\present\rgb_1013.tif,present,1
rgb_1016.tif,.\data\train\present\rgb_1016.tif,present,1
rgb_1018.tif,.\data\train\present\rgb_1018.tif,present,1
rgb_102.tif,.\data\train\present\rgb_102.tif,present,1
rgb_1021.tif,.\data\train\present\rgb_1021.tif,present,1
rgb_1022.tif,.\data\train\present\rgb_1022.tif,present,1
rgb_1023.tif,.\data\train\present\rgb_1023.tif,present,1
rgb_1024.tif,.\data\train\present\rgb_1024.tif,present,1
rgb_1025.tif,.\data\train\present\rgb_1025.tif,present,1
rgb_1026.tif,.\data\train\present\rgb_1026.tif,present,1
rgb_1027.tif,.\data\train\present\rgb_1027.tif,present,1
rgb_1028.tif,.\data\train\present\rgb_1028.tif,present,1
rgb_1029.tif,.\data\train\present\rgb_1029.tif,present,1
rgb_103.tif,.\data\train\present\rgb_103.tif,present,1
rgb_1030.tif,.\data\train\present\rgb_1030.tif,present,1
rgb_1031.tif,.\data\train\present\rgb_1031.tif,present,1
rgb_1032.tif,.\data\train\present\rgb_1032.tif,present,1
rgb_1033.tif,.\data\train\present\rgb_1033.tif,present,1
rgb_1034.tif,.\data\train\present\rgb_1034.tif,present,1
rgb_1035.tif,.\data\train\present\rgb_1035.tif,present,1
rgb_1036.tif,.\data\train\present\rgb_1036.tif,present,1
rgb_1037.tif,.\data\train\present\rgb_1037.tif,present,1
rgb_1038.tif,.\data\train\present\rgb_1038.tif,present,1
rgb_1039.tif,.\data\train\present\rgb_1039.tif,present,1
rgb_1042.tif,.\data\train\present\rgb_1042.tif,present,1
rgb_1043.tif,.\data\train\present\rgb_1043.tif,present,1
rgb_1045.tif,.\data\train\present\rgb_1045.tif,present,1
rgb_1046.tif,.\data\train\present\rgb_1046.tif,present,1
rgb_1047.tif,.\data\train\present\rgb_1047.tif,present,1
rgb_1048.tif,.\data\train\present\rgb_1048.tif,present,1
rgb_1049.tif,.\data\train\present\rgb_1049.tif,present,1
rgb_105.tif,.\data\train\present\rgb_105.tif,present,1
rgb_1050.tif,.\data\train\present\rgb_1050.tif,present,1
rgb_1052.tif,.\data\train\present\rgb_1052.tif,present,1
rgb_1053.tif,.\data\train\present\rgb_1053.tif,present,1
rgb_1054.tif,.\data\train\present\rgb_1054.tif,present,1
rgb_1055.tif,.\data\train\present\rgb_1055.tif,present,1
rgb_1057.tif,.\data\train\present\rgb_1057.tif,present,1
rgb_1058.tif,.\data\train\present\rgb_1058.tif,present,1
rgb_106.tif,.\data\train\present\rgb_106.tif,present,1
rgb_1060.tif,.\data\train\present\rgb_1060.tif,present,1
rgb_1061.tif,.\data\train\present\rgb_1061.tif,present,1
rgb_1062.tif,.\data\train\present\rgb_1062.tif,present,1
rgb_1063.tif,.\data\train\present\rgb_1063.tif,present,1
rgb_1065.tif,.\data\train\present\rgb_1065.tif,present,1
rgb_1066.tif,.\data\train\present\rgb_1066.tif,present,1
rgb_1067.tif,.\data\train\present\rgb_1067.tif,present,1
rgb_1068.tif,.\data\train\present\rgb_1068.tif,present,1
rgb_107.tif,.\data\train\present\rgb_107.tif,present,1
rgb_1070.tif,.\data\train\present\rgb_1070.tif,present,1
rgb_1071.tif,.\data\train\present\rgb_1071.tif,present,1
rgb_1072.tif,.\data\train\present\rgb_1072.tif,present,1
rgb_1073.tif,.\data\train\present\rgb_1073.tif,present,1
rgb_1074.tif,.\data\train\present\rgb_1074.tif,present,1
rgb_1075.tif,.\data\train\present\rgb_1075.tif,present,1
rgb_1077.tif,.\data\train\present\rgb_1077.tif,present,1
rgb_1078.tif,.\data\train\present\rgb_1078.tif,present,1
rgb_108.tif,.\data\train\present\rgb_108.tif,present,1
rgb_1080.tif,.\data\train\present\rgb_1080.tif,present,1
rgb_11.tif,.\data\train\present\rgb_11.tif,present,1
rgb_110.tif,.\data\train\present\rgb_110.tif,present,1
rgb_112.tif,.\data\train\present\rgb_112.tif,present,1
rgb_113.tif,.\data\train\present\rgb_113.tif,present,1
rgb_114.tif,.\data\train\present\rgb_114.tif,present,1
rgb_115.tif,.\data\train\present\rgb_115.tif,present,1
rgb_116.tif,.\data\train\present\rgb_116.tif,present,1
rgb_117.tif,.\data\train\present\rgb_117.tif,present,1
rgb_118.tif,.\data\train\present\rgb_118.tif,present,1
rgb_119.tif,.\data\train\present\rgb_119.tif,present,1
rgb_12.tif,.\data\train\present\rgb_12.tif,present,1
rgb_121.tif,.\data\train\present\rgb_121.tif,present,1
rgb_123.tif,.\data\train\present\rgb_123.tif,present,1
rgb_125.tif,.\data\train\present\rgb_125.tif,present,1
rgb_126.tif,.\data\train\present\rgb_126.tif,present,1
rgb_127.tif,.\data\train\present\rgb_127.tif,present,1
rgb_128.tif,.\data\train\present\rgb_128.tif,present,1
rgb_129.tif,.\data\train\present\rgb_129.tif,present,1
rgb_13.tif,.\data\train\present\rgb_13.tif,present,1
rgb_130.tif,.\data\train\present\rgb_130.tif,present,1
rgb_134.tif,.\data\train\present\rgb_134.tif,present,1
rgb_136.tif,.\data\train\present\rgb_136.tif,present,1
rgb_137.tif,.\data\train\present\rgb_137.tif,present,1
rgb_138.tif,.\data\train\present\rgb_138.tif,present,1
rgb_139.tif,.\data\train\present\rgb_139.tif,present,1
rgb_14.tif,.\data\train\present\rgb_14.tif,present,1
rgb_140.tif,.\data\train\present\rgb_140.tif,present,1
rgb_141.tif,.\data\train\present\rgb_141.tif,present,1
rgb_142.tif,.\data\train\present\rgb_142.tif,present,1
rgb_143.tif,.\data\train\present\rgb_143.tif,present,1
rgb_145.tif,.\data\train\present\rgb_145.tif,present,1
rgb_146.tif,.\data\train\present\rgb_146.tif,present,1
rgb_147.tif,.\data\train\present\rgb_147.tif,present,1
rgb_149.tif,.\data\train\present\rgb_149.tif,present,1
rgb_15.tif,.\data\train\present\rgb_15.tif,present,1
rgb_150.tif,.\data\train\present\rgb_150.tif,present,1
rgb_151.tif,.\data\train\present\rgb_151.tif,present,1
rgb_152.tif,.\data\train\present\rgb_152.tif,present,1
rgb_154.tif,.\data\train\present\rgb_154.tif,present,1
rgb_155.tif,.\data\train\present\rgb_155.tif,present,1
rgb_156.tif,.\data\train\present\rgb_156.tif,present,1
rgb_158.tif,.\data\train\present\rgb_158.tif,present,1
rgb_159.tif,.\data\train\present\rgb_159.tif,present,1
rgb_160.tif,.\data\train\present\rgb_160.tif,present,1
rgb_161.tif,.\data\train\present\rgb_161.tif,present,1
rgb_162.tif,.\data\train\present\rgb_162.tif,present,1
rgb_164.tif,.\data\train\present\rgb_164.tif,present,1
rgb_167.tif,.\data\train\present\rgb_167.tif,present,1
rgb_168.tif,.\data\train\present\rgb_168.tif,present,1
rgb_169.tif,.\data\train\present\rgb_169.tif,present,1
rgb_17.tif,.\data\train\present\rgb_17.tif,present,1
rgb_170.tif,.\data\train\present\rgb_170.tif,present,1
rgb_171.tif,.\data\train\present\rgb_171.tif,present,1
rgb_174.tif,.\data\train\present\rgb_174.tif,present,1
rgb_175.tif,.\data\train\present\rgb_175.tif,present,1
rgb_177.tif,.\data\train\present\rgb_177.tif,present,1
rgb_179.tif,.\data\train\present\rgb_179.tif,present,1
rgb_180.tif,.\data\train\present\rgb_180.tif,present,1
rgb_181.tif,.\data\train\present\rgb_181.tif,present,1
rgb_182.tif,.\data\train\present\rgb_182.tif,present,1
rgb_183.tif,.\data\train\present\rgb_183.tif,present,1
rgb_184.tif,.\data\train\present\rgb_184.tif,present,1
rgb_185.tif,.\data\train\present\rgb_185.tif,present,1
rgb_186.tif,.\data\train\present\rgb_186.tif,present,1
rgb_187.tif,.\data\train\present\rgb_187.tif,present,1
rgb_188.tif,.\data\train\present\rgb_188.tif,present,1
rgb_189.tif,.\data\train\present\rgb_189.tif,present,1
rgb_19.tif,.\data\train\present\rgb_19.tif,present,1
rgb_190.tif,.\data\train\present\rgb_190.tif,present,1
rgb_191.tif,.\data\train\present\rgb_191.tif,present,1
rgb_192.tif,.\data\train\present\rgb_192.tif,present,1
rgb_193.tif,.\data\train\present\rgb_193.tif,present,1
rgb_194.tif,.\data\train\present\rgb_194.tif,present,1
rgb_195.tif,.\data\train\present\rgb_195.tif,present,1
rgb_196.tif,.\data\train\present\rgb_196.tif,present,1
rgb_197.tif,.\data\train\present\rgb_197.tif,present,1
rgb_198.tif,.\data\train\present\rgb_198.tif,present,1
rgb_2.tif,.\data\train\present\rgb_2.tif,present,1
rgb_20.tif,.\data\train\present\rgb_20.tif,present,1
rgb_200.tif,.\data\train\present\rgb_200.tif,present,1
rgb_201.tif,.\data\train\present\rgb_201.tif,present,1
rgb_202.tif,.\data\train\present\rgb_202.tif,present,1
rgb_205.tif,.\data\train\present\rgb_205.tif,present,1
rgb_206.tif,.\data\train\present\rgb_206.tif,present,1
rgb_207.tif,.\data\train\present\rgb_207.tif,present,1
rgb_208.tif,.\data\train\present\rgb_208.tif,present,1
rgb_209.tif,.\data\train\present\rgb_209.tif,present,1
rgb_21.tif,.\data\train\present\rgb_21.tif,present,1
rgb_212.tif,.\data\train\present\rgb_212.tif,present,1
rgb_215.tif,.\data\train\present\rgb_215.tif,present,1
rgb_216.tif,.\data\train\present\rgb_216.tif,present,1
rgb_217.tif,.\data\train\present\rgb_217.tif,present,1
rgb_22.tif,.\data\train\present\rgb_22.tif,present,1
rgb_220.tif,.\data\train\present\rgb_220.tif,present,1
rgb_221.tif,.\data\train\present\rgb_221.tif,present,1
rgb_222.tif,.\data\train\present\rgb_222.tif,present,1
rgb_223.tif,.\data\train\present\rgb_223.tif,present,1
rgb_224.tif,.\data\train\present\rgb_224.tif,present,1
rgb_225.tif,.\data\train\present\rgb_225.tif,present,1
rgb_226.tif,.\data\train\present\rgb_226.tif,present,1
rgb_227.tif,.\data\train\present\rgb_227.tif,present,1
rgb_228.tif,.\data\train\present\rgb_228.tif,present,1
rgb_229.tif,.\data\train\present\rgb_229.tif,present,1
rgb_23.tif,.\data\train\present\rgb_23.tif,present,1
rgb_231.tif,.\data\train\present\rgb_231.tif,present,1
rgb_233.tif,.\data\train\present\rgb_233.tif,present,1
rgb_235.tif,.\data\train\present\rgb_235.tif,present,1
rgb_236.tif,.\data\train\present\rgb_236.tif,present,1
rgb_237.tif,.\data\train\present\rgb_237.tif,present,1
rgb_238.tif,.\data\train\present\rgb_238.tif,present,1
rgb_24.tif,.\data\train\present\rgb_24.tif,present,1
rgb_240.tif,.\data\train\present\rgb_240.tif,present,1
rgb_242.tif,.\data\train\present\rgb_242.tif,present,1
rgb_243.tif,.\data\train\present\rgb_243.tif,present,1
rgb_244.tif,.\data\train\present\rgb_244.tif,present,1
rgb_245.tif,.\data\train\present\rgb_245.tif,present,1
rgb_246.tif,.\data\train\present\rgb_246.tif,present,1
rgb_248.tif,.\data\train\present\rgb_248.tif,present,1
rgb_249.tif,.\data\train\present\rgb_249.tif,present,1
rgb_250.tif,.\data\train\present\rgb_250.tif,present,1
rgb_251.tif,.\data\train\present\rgb_251.tif,present,1
rgb_253.tif,.\data\train\present\rgb_253.tif,present,1
rgb_254.tif,.\data\train\present\rgb_254.tif,present,1
rgb_255.tif,.\data\train\present\rgb_255.tif,present,1
rgb_256.tif,.\data\train\present\rgb_256.tif,present,1
rgb_257.tif,.\data\train\present\rgb_257.tif,present,1
rgb_258.tif,.\data\train\present\rgb_258.tif,present,1
rgb_259.tif,.\data\train\present\rgb_259.tif,present,1
rgb_260.tif,.\data\train\present\rgb_260.tif,present,1
rgb_262.tif,.\data\train\present\rgb_262.tif,present,1
rgb_263.tif,.\data\train\present\rgb_263.tif,present,1
rgb_264.tif,.\data\train\present\rgb_264.tif,present,1
rgb_265.tif,.\data\train\present\rgb_265.tif,present,1
rgb_267.tif,.\data\train\present\rgb_267.tif,present,1
rgb_268.tif,.\data\train\present\rgb_268.tif,present,1
rgb_269.tif,.\data\train\present\rgb_269.tif,present,1
rgb_27.tif,.\data\train\present\rgb_27.tif,present,1
rgb_270.tif,.\data\train\present\rgb_270.tif,present,1
rgb_271.tif,.\data\train\present\rgb_271.tif,present,1
rgb_272.tif,.\data\train\present\rgb_272.tif,present,1
rgb_273.tif,.\data\train\present\rgb_273.tif,present,1
rgb_274.tif,.\data\train\present\rgb_274.tif,present,1
rgb_275.tif,.\data\train\present\rgb_275.tif,present,1
rgb_276.tif,.\data\train\present\rgb_276.tif,present,1
rgb_277.tif,.\data\train\present\rgb_277.tif,present,1
rgb_278.tif,.\data\train\present\rgb_278.tif,present,1
rgb_279.tif,.\data\train\present\rgb_279.tif,present,1
rgb_28.tif,.\data\train\present\rgb_28.tif,present,1
rgb_280.tif,.\data\train\present\rgb_280.tif,present,1
rgb_281.tif,.\data\train\present\rgb_281.tif,present,1
rgb_282.tif,.\data\train\present\rgb_282.tif,present,1
rgb_283.tif,.\data\train\present\rgb_283.tif,present,1
rgb_284.tif,.\data\train\present\rgb_284.tif,present,1
rgb_285.tif,.\data\train\present\rgb_285.tif,present,1
rgb_286.tif,.\data\train\present\rgb_286.tif,present,1
rgb_287.tif,.\data\train\present\rgb_287.tif,present,1
rgb_288.tif,.\data\train\present\rgb_288.tif,present,1
rgb_289.tif,.\data\train\present\rgb_289.tif,present,1
rgb_29.tif,.\data\train\present\rgb_29.tif,present,1
rgb_290.tif,.\data\train\present\rgb_290.tif,present,1
rgb_291.tif,.\data\train\present\rgb_291.tif,present,1
rgb_294.tif,.\data\train\present\rgb_294.tif,present,1
rgb_296.tif,.\data\train\present\rgb_296.tif,present,1
rgb_297.tif,.\data\train\present\rgb_297.tif,present,1
rgb_298.tif,.\data\train\present\rgb_298.tif,present,1
rgb_299.tif,.\data\train\present\rgb_299.tif,present,1
rgb_3.tif,.\data\train\present\rgb_3.tif,present,1
rgb_30.tif,.\data\train\present\rgb_30.tif,present,1
rgb_300.tif,.\data\train\present\rgb_300.tif,present,1
rgb_301.tif,.\data\train\present\rgb_301.tif,present,1
rgb_302.tif,.\data\train\present\rgb_302.tif,present,1
rgb_303.tif,.\data\train\present\rgb_303.tif,present,1
rgb_304.tif,.\data\train\present\rgb_304.tif,present,1
rgb_305.tif,.\data\train\present\rgb_305.tif,present,1
rgb_308.tif,.\data\train\present\rgb_308.tif,present,1
rgb_309.tif,.\data\train\present\rgb_309.tif,present,1
rgb_31.tif,.\data\train\present\rgb_31.tif,present,1
rgb_310.tif,.\data\train\present\rgb_310.tif,present,1
rgb_311.tif,.\data\train\present\rgb_311.tif,present,1
rgb_313.tif,.\data\train\present\rgb_313.tif,present,1
rgb_314.tif,.\data\train\present\rgb_314.tif,present,1
rgb_315.tif,.\data\train\present\rgb_315.tif,present,1
rgb_316.tif,.\data\train\present\rgb_316.tif,present,1
rgb_317.tif,.\data\train\present\rgb_317.tif,present,1
rgb_318.tif,.\data\train\present\rgb_318.tif,present,1
rgb_32.tif,.\data\train\present\rgb_32.tif,present,1
rgb_320.tif,.\data\train\present\rgb_320.tif,present,1
rgb_321.tif,.\data\train\present\rgb_321.tif,present,1
rgb_322.tif,.\data\train\present\rgb_322.tif,present,1
rgb_323.tif,.\data\train\present\rgb_323.tif,present,1
rgb_324.tif,.\data\train\present\rgb_324.tif,present,1
rgb_325.tif,.\data\train\present\rgb_325.tif,present,1
rgb_326.tif,.\data\train\present\rgb_326.tif,present,1
rgb_327.tif,.\data\train\present\rgb_327.tif,present,1
rgb_328.tif,.\data\train\present\rgb_328.tif,present,1
rgb_329.tif,.\data\train\present\rgb_329.tif,present,1
rgb_330.tif,.\data\train\present\rgb_330.tif,present,1
rgb_332.tif,.\data\train\present\rgb_332.tif,present,1
rgb_333.tif,.\data\train\present\rgb_333.tif,present,1
rgb_334.tif,.\data\train\present\rgb_334.tif,present,1
rgb_335.tif,.\data\train\present\rgb_335.tif,present,1
rgb_337.tif,.\data\train\present\rgb_337.tif,present,1
rgb_338.tif,.\data\train\present\rgb_338.tif,present,1
rgb_339.tif,.\data\train\present\rgb_339.tif,present,1
rgb_340.tif,.\data\train\present\rgb_340.tif,present,1
rgb_341.tif,.\data\train\present\rgb_341.tif,present,1
rgb_342.tif,.\data\train\present\rgb_342.tif,present,1
rgb_343.tif,.\data\train\present\rgb_343.tif,present,1
rgb_344.tif,.\data\train\present\rgb_344.tif,present,1
rgb_345.tif,.\data\train\present\rgb_345.tif,present,1
rgb_346.tif,.\data\train\present\rgb_346.tif,present,1
rgb_347.tif,.\data\train\present\rgb_347.tif,present,1
rgb_348.tif,.\data\train\present\rgb_348.tif,present,1
rgb_35.tif,.\data\train\present\rgb_35.tif,present,1
rgb_350.tif,.\data\train\present\rgb_350.tif,present,1
rgb_351.tif,.\data\train\present\rgb_351.tif,present,1
rgb_352.tif,.\data\train\present\rgb_352.tif,present,1
rgb_353.tif,.\data\train\present\rgb_353.tif,present,1
rgb_354.tif,.\data\train\present\rgb_354.tif,present,1
rgb_355.tif,.\data\train\present\rgb_355.tif,present,1
rgb_356.tif,.\data\train\present\rgb_356.tif,present,1
rgb_357.tif,.\data\train\present\rgb_357.tif,present,1
rgb_359.tif,.\data\train\present\rgb_359.tif,present,1
rgb_360.tif,.\data\train\present\rgb_360.tif,present,1
rgb_361.tif,.\data\train\present\rgb_361.tif,present,1
rgb_362.tif,.\data\train\present\rgb_362.tif,present,1
rgb_363.tif,.\data\train\present\rgb_363.tif,present,1
rgb_365.tif,.\data\train\present\rgb_365.tif,present,1
rgb_366.tif,.\data\train\present\rgb_366.tif,present,1
rgb_368.tif,.\data\train\present\rgb_368.tif,present,1
rgb_369.tif,.\data\train\present\rgb_369.tif,present,1
rgb_37.tif,.\data\train\present\rgb_37.tif,present,1
rgb_370.tif,.\data\train\present\rgb_370.tif,present,1
rgb_372.tif,.\data\train\present\rgb_372.tif,present,1
rgb_373.tif,.\data\train\present\rgb_373.tif,present,1
rgb_374.tif,.\data\train\present\rgb_374.tif,present,1
rgb_375.tif,.\data\train\present\rgb_375.tif,present,1
rgb_376.tif,.\data\train\present\rgb_376.tif,present,1
rgb_378.tif,.\data\train\present\rgb_378.tif,present,1
rgb_379.tif,.\data\train\present\rgb_379.tif,present,1
rgb_38.tif,.\data\train\present\rgb_38.tif,present,1
rgb_381.tif,.\data\train\present\rgb_381.tif,present,1
rgb_382.tif,.\data\train\present\rgb_382.tif,present,1
rgb_383.tif,.\data\train\present\rgb_383.tif,present,1
rgb_385.tif,.\data\train\present\rgb_385.tif,present,1
rgb_387.tif,.\data\train\present\rgb_387.tif,present,1
rgb_388.tif,.\data\train\present\rgb_388.tif,present,1
rgb_389.tif,.\data\train\present\rgb_389.tif,present,1
rgb_39.tif,.\data\train\present\rgb_39.tif,present,1
rgb_390.tif,.\data\train\present\rgb_390.tif,present,1
rgb_392.tif,.\data\train\present\rgb_392.tif,present,1
rgb_393.tif,.\data\train\present\rgb_393.tif,present,1
rgb_394.tif,.\data\train\present\rgb_394.tif,present,1
rgb_395.tif,.\data\train\present\rgb_395.tif,present,1
rgb_397.tif,.\data\train\present\rgb_397.tif,present,1
rgb_398.tif,.\data\train\present\rgb_398.tif,present,1
rgb_399.tif,.\data\train\present\rgb_399.tif,present,1
rgb_4.tif,.\data\train\present\rgb_4.tif,present,1
rgb_40.tif,.\data\train\present\rgb_40.tif,present,1
rgb_400.tif,.\data\train\present\rgb_400.tif,present,1
rgb_401.tif,.\data\train\present\rgb_401.tif,present,1
rgb_402.tif,.\data\train\present\rgb_402.tif,present,1
rgb_404.tif,.\data\train\present\rgb_404.tif,present,1
rgb_406.tif,.\data\train\present\rgb_406.tif,present,1
rgb_407.tif,.\data\train\present\rgb_407.tif,present,1
rgb_408.tif,.\data\train\present\rgb_408.tif,present,1
rgb_409.tif,.\data\train\present\rgb_409.tif,present,1
rgb_41.tif,.\data\train\present\rgb_41.tif,present,1
rgb_411.tif,.\data\train\present\rgb_411.tif,present,1
rgb_412.tif,.\data\train\present\rgb_412.tif,present,1
rgb_414.tif,.\data\train\present\rgb_414.tif,present,1
rgb_415.tif,.\data\train\present\rgb_415.tif,present,1
rgb_416.tif,.\data\train\present\rgb_416.tif,present,1
rgb_417.tif,.\data\train\present\rgb_417.tif,present,1
rgb_419.tif,.\data\train\present\rgb_419.tif,present,1
rgb_420.tif,.\data\train\present\rgb_420.tif,present,1
rgb_421.tif,.\data\train\present\rgb_421.tif,present,1
rgb_423.tif,.\data\train\present\rgb_423.tif,present,1
rgb_425.tif,.\data\train\present\rgb_425.tif,present,1
rgb_426.tif,.\data\train\present\rgb_426.tif,present,1
rgb_427.tif,.\data\train\present\rgb_427.tif,present,1
rgb_428.tif,.\data\train\present\rgb_428.tif,present,1
rgb_43.tif,.\data\train\present\rgb_43.tif,present,1
rgb_430.tif,.\data\train\present\rgb_430.tif,present,1
rgb_432.tif,.\data\train\present\rgb_432.tif,present,1
rgb_433.tif,.\data\train\present\rgb_433.tif,present,1
rgb_434.tif,.\data\train\present\rgb_434.tif,present,1
rgb_435.tif,.\data\train\present\rgb_435.tif,present,1
rgb_436.tif,.\data\train\present\rgb_436.tif,present,1
rgb_439.tif,.\data\train\present\rgb_439.tif,present,1
rgb_44.tif,.\data\train\present\rgb_44.tif,present,1
rgb_441.tif,.\data\train\present\rgb_441.tif,present,1
rgb_442.tif,.\data\train\present\rgb_442.tif,present,1
rgb_443.tif,.\data\train\present\rgb_443.tif,present,1
rgb_444.tif,.\data\train\present\rgb_444.tif,present,1
rgb_446.tif,.\data\train\present\rgb_446.tif,present,1
rgb_448.tif,.\data\train\present\rgb_448.tif,present,1
rgb_449.tif,.\data\train\present\rgb_449.tif,present,1
rgb_45.tif,.\data\train\present\rgb_45.tif,present,1
rgb_451.tif,.\data\train\present\rgb_451.tif,present,1
rgb_453.tif,.\data\train\present\rgb_453.tif,present,1
rgb_454.tif,.\data\train\present\rgb_454.tif,present,1
rgb_455.tif,.\data\train\present\rgb_455.tif,present,1
rgb_456.tif,.\data\train\present\rgb_456.tif,present,1
rgb_457.tif,.\data\train\present\rgb_457.tif,present,1
rgb_459.tif,.\data\train\present\rgb_459.tif,present,1
rgb_46.tif,.\data\train\present\rgb_46.tif,present,1
rgb_460.tif,.\data\train\present\rgb_460.tif,present,1
rgb_461.tif,.\data\train\present\rgb_461.tif,present,1
rgb_462.tif,.\data\train\present\rgb_462.tif,present,1
rgb_463.tif,.\data\train\present\rgb_463.tif,present,1
rgb_464.tif,.\data\train\present\rgb_464.tif,present,1
rgb_465.tif,.\data\train\present\rgb_465.tif,present,1
rgb_466.tif,.\data\train\present\rgb_466.tif,present,1
rgb_467.tif,.\data\train\present\rgb_467.tif,present,1
rgb_468.tif,.\data\train\present\rgb_468.tif,present,1
rgb_469.tif,.\data\train\present\rgb_469.tif,present,1
rgb_47.tif,.\data\train\present\rgb_47.tif,present,1
rgb_472.tif,.\data\train\present\rgb_472.tif,present,1
rgb_473.tif,.\data\train\present\rgb_473.tif,present,1
rgb_474.tif,.\data\train\present\rgb_474.tif,present,1
rgb_475.tif,.\data\train\present\rgb_475.tif,present,1
rgb_476.tif,.\data\train\present\rgb_476.tif,present,1
rgb_477.tif,.\data\train\present\rgb_477.tif,present,1
rgb_478.tif,.\data\train\present\rgb_478.tif,present,1
rgb_479.tif,.\data\train\present\rgb_479.tif,present,1
rgb_48.tif,.\data\train\present\rgb_48.tif,present,1
rgb_480.tif,.\data\train\present\rgb_480.tif,present,1
rgb_481.tif,.\data\train\present\rgb_481.tif,present,1
rgb_482.tif,.\data\train\present\rgb_482.tif,present,1
rgb_483.tif,.\data\train\present\rgb_483.tif,present,1
rgb_484.tif,.\data\train\present\rgb_484.tif,present,1
rgb_485.tif,.\data\train\present\rgb_485.tif,present,1
rgb_486.tif,.\data\train\present\rgb_486.tif,present,1
rgb_487.tif,.\data\train\present\rgb_487.tif,present,1
rgb_488.tif,.\data\train\present\rgb_488.tif,present,1
rgb_489.tif,.\data\train\present\rgb_489.tif,present,1
rgb_490.tif,.\data\train\present\rgb_490.tif,present,1
rgb_491.tif,.\data\train\present\rgb_491.tif,present,1
rgb_492.tif,.\data\train\present\rgb_492.tif,present,1
rgb_493.tif,.\data\train\present\rgb_493.tif,present,1
rgb_494.tif,.\data\train\present\rgb_494.tif,present,1
rgb_496.tif,.\data\train\present\rgb_496.tif,present,1
rgb_497.tif,.\data\train\present\rgb_497.tif,present,1
rgb_498.tif,.\data\train\present\rgb_498.tif,present,1
rgb_499.tif,.\data\train\present\rgb_499.tif,present,1
rgb_500.tif,.\data\train\present\rgb_500.tif,present,1
rgb_501.tif,.\data\train\present\rgb_501.tif,present,1
rgb_502.tif,.\data\train\present\rgb_502.tif,present,1
rgb_503.tif,.\data\train\present\rgb_503.tif,present,1
rgb_505.tif,.\data\train\present\rgb_505.tif,present,1
rgb_506.tif,.\data\train\present\rgb_506.tif,present,1
rgb_507.tif,.\data\train\present\rgb_507.tif,present,1
rgb_508.tif,.\data\train\present\rgb_508.tif,present,1
rgb_509.tif,.\data\train\present\rgb_509.tif,present,1
rgb_510.tif,.\data\train\present\rgb_510.tif,present,1
rgb_511.tif,.\data\train\present\rgb_511.tif,present,1
rgb_512.tif,.\data\train\present\rgb_512.tif,present,1
rgb_513.tif,.\data\train\present\rgb_513.tif,present,1
rgb_515.tif,.\data\train\present\rgb_515.tif,present,1
rgb_516.tif,.\data\train\present\rgb_516.tif,present,1
rgb_517.tif,.\data\train\present\rgb_517.tif,present,1
rgb_518.tif,.\data\train\present\rgb_518.tif,present,1
rgb_519.tif,.\data\train\present\rgb_519.tif,present,1
rgb_520.tif,.\data\train\present\rgb_520.tif,present,1
rgb_522.tif,.\data\train\present\rgb_522.tif,present,1
rgb_523.tif,.\data\train\present\rgb_523.tif,present,1
rgb_524.tif,.\data\train\present\rgb_524.tif,present,1
rgb_526.tif,.\data\train\present\rgb_526.tif,present,1
rgb_527.tif,.\data\train\present\rgb_527.tif,present,1
rgb_528.tif,.\data\train\present\rgb_528.tif,present,1
rgb_529.tif,.\data\train\present\rgb_529.tif,present,1
rgb_530.tif,.\data\train\present\rgb_530.tif,present,1
rgb_531.tif,.\data\train\present\rgb_531.tif,present,1
rgb_533.tif,.\data\train\present\rgb_533.tif,present,1
rgb_534.tif,.\data\train\present\rgb_534.tif,present,1
rgb_535.tif,.\data\train\present\rgb_535.tif,present,1
rgb_536.tif,.\data\train\present\rgb_536.tif,present,1
rgb_537.tif,.\data\train\present\rgb_537.tif,present,1
rgb_539.tif,.\data\train\present\rgb_539.tif,present,1
rgb_540.tif,.\data\train\present\rgb_540.tif,present,1
rgb_541.tif,.\data\train\present\rgb_541.tif,present,1
rgb_544.tif,.\data\train\present\rgb_544.tif,present,1
rgb_545.tif,.\data\train\present\rgb_545.tif,present,1
rgb_547.tif,.\data\train\present\rgb_547.tif,present,1
rgb_548.tif,.\data\train\present\rgb_548.tif,present,1
rgb_549.tif,.\data\train\present\rgb_549.tif,present,1
rgb_550.tif,.\data\train\present\rgb_550.tif,present,1
rgb_551.tif,.\data\train\present\rgb_551.tif,present,1
rgb_552.tif,.\data\train\present\rgb_552.tif,present,1
rgb_553.tif,.\data\train\present\rgb_553.tif,present,1
rgb_554.tif,.\data\train\present\rgb_554.tif,present,1
rgb_555.tif,.\data\train\present\rgb_555.tif,present,1
rgb_556.tif,.\data\train\present\rgb_556.tif,present,1
rgb_557.tif,.\data\train\present\rgb_557.tif,present,1
rgb_558.tif,.\data\train\present\rgb_558.tif,present,1
rgb_560.tif,.\data\train\present\rgb_560.tif,present,1
rgb_561.tif,.\data\train\present\rgb_561.tif,present,1
rgb_562.tif,.\data\train\present\rgb_562.tif,present,1
rgb_563.tif,.\data\train\present\rgb_563.tif,present,1
rgb_564.tif,.\data\train\present\rgb_564.tif,present,1
rgb_565.tif,.\data\train\present\rgb_565.tif,present,1
rgb_566.tif,.\data\train\present\rgb_566.tif,present,1
rgb_567.tif,.\data\train\present\rgb_567.tif,present,1
rgb_569.tif,.\data\train\present\rgb_569.tif,present,1
rgb_570.tif,.\data\train\present\rgb_570.tif,present,1
rgb_571.tif,.\data\train\present\rgb_571.tif,present,1
rgb_572.tif,.\data\train\present\rgb_572.tif,present,1
rgb_573.tif,.\data\train\present\rgb_573.tif,present,1
rgb_574.tif,.\data\train\present\rgb_574.tif,present,1
rgb_575.tif,.\data\train\present\rgb_575.tif,present,1
rgb_577.tif,.\data\train\present\rgb_577.tif,present,1
rgb_578.tif,.\data\train\present\rgb_578.tif,present,1
rgb_579.tif,.\data\train\present\rgb_579.tif,present,1
rgb_580.tif,.\data\train\present\rgb_580.tif,present,1
rgb_581.tif,.\data\train\present\rgb_581.tif,present,1
rgb_583.tif,.\data\train\present\rgb_583.tif,present,1
rgb_584.tif,.\data\train\present\rgb_584.tif,present,1
rgb_585.tif,.\data\train\present\rgb_585.tif,present,1
rgb_586.tif,.\data\train\present\rgb_586.tif,present,1
rgb_587.tif,.\data\train\present\rgb_587.tif,present,1
rgb_588.tif,.\data\train\present\rgb_588.tif,present,1
rgb_589.tif,.\data\train\present\rgb_589.tif,present,1
rgb_590.tif,.\data\train\present\rgb_590.tif,present,1
rgb_591.tif,.\data\train\present\rgb_591.tif,present,1
rgb_592.tif,.\data\train\present\rgb_592.tif,present,1
rgb_593.tif,.\data\train\present\rgb_593.tif,present,1
rgb_594.tif,.\data\train\present\rgb_594.tif,present,1
rgb_595.tif,.\data\train\present\rgb_595.tif,present,1
rgb_596.tif,.\data\train\present\rgb_596.tif,present,1
rgb_598.tif,.\data\train\present\rgb_598.tif,present,1
rgb_599.tif,.\data\train\present\rgb_599.tif,present,1
rgb_6.tif,.\data\train\present\rgb_6.tif,present,1
rgb_60.tif,.\data\train\present\rgb_60.tif,present,1
rgb_600.tif,.\data\train\present\rgb_600.tif,present,1
rgb_601.tif,.\data\train\present\rgb_601.tif,present,1
rgb_602.tif,.\data\train\present\rgb_602.tif,present,1
rgb_603.tif,.\data\train\present\rgb_603.tif,present,1
rgb_604.tif,.\data\train\present\rgb_604.tif,present,1
rgb_605.tif,.\data\train\present\rgb_605.tif,present,1
rgb_606.tif,.\data\train\present\rgb_606.tif,present,1
rgb_607.tif,.\data\train\present\rgb_607.tif,present,1
rgb_608.tif,.\data\train\present\rgb_608.tif,present,1
rgb_609.tif,.\data\train\present\rgb_609.tif,present,1
rgb_61.tif,.\data\train\present\rgb_61.tif,present,1
rgb_610.tif,.\data\train\present\rgb_610.tif,present,1
rgb_613.tif,.\data\train\present\rgb_613.tif,present,1
rgb_614.tif,.\data\train\present\rgb_614.tif,present,1
rgb_616.tif,.\data\train\present\rgb_616.tif,present,1
rgb_617.tif,.\data\train\present\rgb_617.tif,present,1
rgb_62.tif,.\data\train\present\rgb_62.tif,present,1
rgb_620.tif,.\data\train\present\rgb_620.tif,present,1
rgb_621.tif,.\data\train\present\rgb_621.tif,present,1
rgb_623.tif,.\data\train\present\rgb_623.tif,present,1
rgb_624.tif,.\data\train\present\rgb_624.tif,present,1
rgb_625.tif,.\data\train\present\rgb_625.tif,present,1
rgb_626.tif,.\data\train\present\rgb_626.tif,present,1
rgb_627.tif,.\data\train\present\rgb_627.tif,present,1
rgb_628.tif,.\data\train\present\rgb_628.tif,present,1
rgb_63.tif,.\data\train\present\rgb_63.tif,present,1
rgb_631.tif,.\data\train\present\rgb_631.tif,present,1
rgb_632.tif,.\data\train\present\rgb_632.tif,present,1
rgb_634.tif,.\data\train\present\rgb_634.tif,present,1
rgb_636.tif,.\data\train\present\rgb_636.tif,present,1
rgb_638.tif,.\data\train\present\rgb_638.tif,present,1
rgb_639.tif,.\data\train\present\rgb_639.tif,present,1
rgb_642.tif,.\data\train\present\rgb_642.tif,present,1
rgb_643.tif,.\data\train\present\rgb_643.tif,present,1
rgb_645.tif,.\data\train\present\rgb_645.tif,present,1
rgb_646.tif,.\data\train\present\rgb_646.tif,present,1
rgb_647.tif,.\data\train\present\rgb_647.tif,present,1
rgb_65.tif,.\data\train\present\rgb_65.tif,present,1
rgb_651.tif,.\data\train\present\rgb_651.tif,present,1
rgb_655.tif,.\data\train\present\rgb_655.tif,present,1
rgb_656.tif,.\data\train\present\rgb_656.tif,present,1
rgb_657.tif,.\data\train\present\rgb_657.tif,present,1
rgb_658.tif,.\data\train\present\rgb_658.tif,present,1
rgb_659.tif,.\data\train\present\rgb_659.tif,present,1
rgb_660.tif,.\data\train\present\rgb_660.tif,present,1
rgb_661.tif,.\data\train\present\rgb_661.tif,present,1
rgb_662.tif,.\data\train\present\rgb_662.tif,present,1
rgb_663.tif,.\data\train\present\rgb_663.tif,present,1
rgb_664.tif,.\data\train\present\rgb_664.tif,present,1
rgb_665.tif,.\data\train\present\rgb_665.tif,present,1
rgb_666.tif,.\data\train\present\rgb_666.tif,present,1
rgb_667.tif,.\data\train\present\rgb_667.tif,present,1
rgb_668.tif,.\data\train\present\rgb_668.tif,present,1
rgb_669.tif,.\data\train\present\rgb_669.tif,present,1
rgb_670.tif,.\data\train\present\rgb_670.tif,present,1
rgb_672.tif,.\data\train\present\rgb_672.tif,present,1
rgb_675.tif,.\data\train\present\rgb_675.tif,present,1
rgb_677.tif,.\data\train\present\rgb_677.tif,present,1
rgb_678.tif,.\data\train\present\rgb_678.tif,present,1
rgb_679.tif,.\data\train\present\rgb_679.tif,present,1
rgb_680.tif,.\data\train\present\rgb_680.tif,present,1
rgb_681.tif,.\data\train\present\rgb_681.tif,present,1
rgb_682.tif,.\data\train\present\rgb_682.tif,present,1
rgb_683.tif,.\data\train\present\rgb_683.tif,present,1
rgb_684.tif,.\data\train\present\rgb_684.tif,present,1
rgb_685.tif,.\data\train\present\rgb_685.tif,present,1
rgb_686.tif,.\data\train\present\rgb_686.tif,present,1
rgb_687.tif,.\data\train\present\rgb_687.tif,present,1
rgb_689.tif,.\data\train\present\rgb_689.tif,present,1
rgb_690.tif,.\data\train\present\rgb_690.tif,present,1
rgb_691.tif,.\data\train\present\rgb_691.tif,present,1
rgb_692.tif,.\data\train\present\rgb_692.tif,present,1
rgb_693.tif,.\data\train\present\rgb_693.tif,present,1
rgb_694.tif,.\data\train\present\rgb_694.tif,present,1
rgb_695.tif,.\data\train\present\rgb_695.tif,present,1
rgb_696.tif,.\data\train\present\rgb_696.tif,present,1
rgb_697.tif,.\data\train\present\rgb_697.tif,present,1
rgb_698.tif,.\data\train\present\rgb_698.tif,present,1
rgb_699.tif,.\data\train\present\rgb_699.tif,present,1
rgb_7.tif,.\data\train\present\rgb_7.tif,present,1
rgb_700.tif,.\data\train\present\rgb_700.tif,present,1
rgb_701.tif,.\data\train\present\rgb_701.tif,present,1
rgb_702.tif,.\data\train\present\rgb_702.tif,present,1
rgb_704.tif,.\data\train\present\rgb_704.tif,present,1
rgb_705.tif,.\data\train\present\rgb_705.tif,present,1
rgb_706.tif,.\data\train\present\rgb_706.tif,present,1
rgb_708.tif,.\data\train\present\rgb_708.tif,present,1
rgb_709.tif,.\data\train\present\rgb_709.tif,present,1
rgb_710.tif,.\data\train\present\rgb_710.tif,present,1
rgb_711.tif,.\data\train\present\rgb_711.tif,present,1
rgb_712.tif,.\data\train\present\rgb_712.tif,present,1
rgb_713.tif,.\data\train\present\rgb_713.tif,present,1
rgb_714.tif,.\data\train\present\rgb_714.tif,present,1
rgb_715.tif,.\data\train\present\rgb_715.tif,present,1
rgb_716.tif,.\data\train\present\rgb_716.tif,present,1
rgb_717.tif,.\data\train\present\rgb_717.tif,present,1
rgb_719.tif,.\data\train\present\rgb_719.tif,present,1
rgb_72.tif,.\data\train\present\rgb_72.tif,present,1
rgb_720.tif,.\data\train\present\rgb_720.tif,present,1
rgb_721.tif,.\data\train\present\rgb_721.tif,present,1
rgb_722.tif,.\data\train\present\rgb_722.tif,present,1
rgb_724.tif,.\data\train\present\rgb_724.tif,present,1
rgb_725.tif,.\data\train\present\rgb_725.tif,present,1
rgb_726.tif,.\data\train\present\rgb_726.tif,present,1
rgb_727.tif,.\data\train\present\rgb_727.tif,present,1
rgb_728.tif,.\data\train\present\rgb_728.tif,present,1
rgb_729.tif,.\data\train\present\rgb_729.tif,present,1
rgb_73.tif,.\data\train\present\rgb_73.tif,present,1
rgb_731.tif,.\data\train\present\rgb_731.tif,present,1
rgb_732.tif,.\data\train\present\rgb_732.tif,present,1
rgb_733.tif,.\data\train\present\rgb_733.tif,present,1
rgb_735.tif,.\data\train\present\rgb_735.tif,present,1
rgb_738.tif,.\data\train\present\rgb_738.tif,present,1
rgb_739.tif,.\data\train\present\rgb_739.tif,present,1
rgb_741.tif,.\data\train\present\rgb_741.tif,present,1
rgb_742.tif,.\data\train\present\rgb_742.tif,present,1
rgb_743.tif,.\data\train\present\rgb_743.tif,present,1
rgb_744.tif,.\data\train\present\rgb_744.tif,present,1
rgb_745.tif,.\data\train\present\rgb_745.tif,present,1
rgb_746.tif,.\data\train\present\rgb_746.tif,present,1
rgb_747.tif,.\data\train\present\rgb_747.tif,present,1
rgb_748.tif,.\data\train\present\rgb_748.tif,present,1
rgb_749.tif,.\data\train\present\rgb_749.tif,present,1
rgb_750.tif,.\data\train\present\rgb_750.tif,present,1
rgb_751.tif,.\data\train\present\rgb_751.tif,present,1
rgb_752.tif,.\data\train\present\rgb_752.tif,present,1
rgb_753.tif,.\data\train\present\rgb_753.tif,present,1
rgb_754.tif,.\data\train\present\rgb_754.tif,present,1
rgb_755.tif,.\data\train\present\rgb_755.tif,present,1
rgb_756.tif,.\data\train\present\rgb_756.tif,present,1
rgb_757.tif,.\data\train\present\rgb_757.tif,present,1
rgb_758.tif,.\data\train\present\rgb_758.tif,present,1
rgb_759.tif,.\data\train\present\rgb_759.tif,present,1
rgb_76.tif,.\data\train\present\rgb_76.tif,present,1
rgb_760.tif,.\data\train\present\rgb_760.tif,present,1
rgb_761.tif,.\data\train\present\rgb_761.tif,present,1
rgb_762.tif,.\data\train\present\rgb_762.tif,present,1
rgb_764.tif,.\data\train\present\rgb_764.tif,present,1
rgb_765.tif,.\data\train\present\rgb_765.tif,present,1
rgb_766.tif,.\data\train\present\rgb_766.tif,present,1
rgb_767.tif,.\data\train\present\rgb_767.tif,present,1
rgb_768.tif,.\data\train\present\rgb_768.tif,present,1
rgb_769.tif,.\data\train\present\rgb_769.tif,present,1
rgb_770.tif,.\data\train\present\rgb_770.tif,present,1
rgb_771.tif,.\data\train\present\rgb_771.tif,present,1
rgb_772.tif,.\data\train\present\rgb_772.tif,present,1
rgb_773.tif,.\data\train\present\rgb_773.tif,present,1
rgb_776.tif,.\data\train\present\rgb_776.tif,present,1
rgb_777.tif,.\data\train\present\rgb_777.tif,present,1
rgb_78.tif,.\data\train\present\rgb_78.tif,present,1
rgb_780.tif,.\data\train\present\rgb_780.tif,present,1
rgb_781.tif,.\data\train\present\rgb_781.tif,present,1
rgb_783.tif,.\data\train\present\rgb_783.tif,present,1
rgb_784.tif,.\data\train\present\rgb_784.tif,present,1
rgb_785.tif,.\data\train\present\rgb_785.tif,present,1
rgb_786.tif,.\data\train\present\rgb_786.tif,present,1
rgb_787.tif,.\data\train\present\rgb_787.tif,present,1
rgb_789.tif,.\data\train\present\rgb_789.tif,present,1
rgb_79.tif,.\data\train\present\rgb_79.tif,present,1
rgb_790.tif,.\data\train\present\rgb_790.tif,present,1
rgb_791.tif,.\data\train\present\rgb_791.tif,present,1
rgb_792.tif,.\data\train\present\rgb_792.tif,present,1
rgb_793.tif,.\data\train\present\rgb_793.tif,present,1
rgb_795.tif,.\data\train\present\rgb_795.tif,present,1
rgb_796.tif,.\data\train\present\rgb_796.tif,present,1
rgb_797.tif,.\data\train\present\rgb_797.tif,present,1
rgb_799.tif,.\data\train\present\rgb_799.tif,present,1
rgb_8.tif,.\data\train\present\rgb_8.tif,present,1
rgb_80.tif,.\data\train\present\rgb_80.tif,present,1
rgb_801.tif,.\data\train\present\rgb_801.tif,present,1
rgb_802.tif,.\data\train\present\rgb_802.tif,present,1
rgb_803.tif,.\data\train\present\rgb_803.tif,present,1
rgb_804.tif,.\data\train\present\rgb_804.tif,present,1
rgb_805.tif,.\data\train\present\rgb_805.tif,present,1
rgb_808.tif,.\data\train\present\rgb_808.tif,present,1
rgb_809.tif,.\data\train\present\rgb_809.tif,present,1
rgb_81.tif,.\data\train\present\rgb_81.tif,present,1
rgb_811.tif,.\data\train\present\rgb_811.tif,present,1
rgb_812.tif,.\data\train\present\rgb_812.tif,present,1
rgb_813.tif,.\data\train\present\rgb_813.tif,present,1
rgb_815.tif,.\data\train\present\rgb_815.tif,present,1
rgb_816.tif,.\data\train\present\rgb_816.tif,present,1
rgb_817.tif,.\data\train\present\rgb_817.tif,present,1
rgb_818.tif,.\data\train\present\rgb_818.tif,present,1
rgb_819.tif,.\data\train\present\rgb_819.tif,present,1
rgb_82.tif,.\data\train\present\rgb_82.tif,present,1
rgb_820.tif,.\data\train\present\rgb_820.tif,present,1
rgb_823.tif,.\data\train\present\rgb_823.tif,present,1
rgb_824.tif,.\data\train\present\rgb_824.tif,present,1
rgb_825.tif,.\data\train\present\rgb_825.tif,present,1
rgb_826.tif,.\data\train\present\rgb_826.tif,present,1
rgb_827.tif,.\data\train\present\rgb_827.tif,present,1
rgb_828.tif,.\data\train\present\rgb_828.tif,present,1
rgb_829.tif,.\data\train\present\rgb_829.tif,present,1
rgb_83.tif,.\data\train\present\rgb_83.tif,present,1
rgb_830.tif,.\data\train\present\rgb_830.tif,present,1
rgb_831.tif,.\data\train\present\rgb_831.tif,present,1
rgb_832.tif,.\data\train\present\rgb_832.tif,present,1
rgb_833.tif,.\data\train\present\rgb_833.tif,present,1
rgb_834.tif,.\data\train\present\rgb_834.tif,present,1
rgb_835.tif,.\data\train\present\rgb_835.tif,present,1
rgb_836.tif,.\data\train\present\rgb_836.tif,present,1
rgb_837.tif,.\data\train\present\rgb_837.tif,present,1
rgb_839.tif,.\data\train\present\rgb_839.tif,present,1
rgb_84.tif,.\data\train\present\rgb_84.tif,present,1
rgb_840.tif,.\data\train\present\rgb_840.tif,present,1
rgb_842.tif,.\data\train\present\rgb_842.tif,present,1
rgb_843.tif,.\data\train\present\rgb_843.tif,present,1
rgb_844.tif,.\data\train\present\rgb_844.tif,present,1
rgb_846.tif,.\data\train\present\rgb_846.tif,present,1
rgb_847.tif,.\data\train\present\rgb_847.tif,present,1
rgb_85.tif,.\data\train\present\rgb_85.tif,present,1
rgb_850.tif,.\data\train\present\rgb_850.tif,present,1
rgb_852.tif,.\data\train\present\rgb_852.tif,present,1
rgb_854.tif,.\data\train\present\rgb_854.tif,present,1
rgb_855.tif,.\data\train\present\rgb_855.tif,present,1
rgb_856.tif,.\data\train\present\rgb_856.tif,present,1
rgb_857.tif,.\data\train\present\rgb_857.tif,present,1
rgb_858.tif,.\data\train\present\rgb_858.tif,present,1
rgb_859.tif,.\data\train\present\rgb_859.tif,present,1
rgb_86.tif,.\data\train\present\rgb_86.tif,present,1
rgb_861.tif,.\data\train\present\rgb_861.tif,present,1
rgb_862.tif,.\data\train\present\rgb_862.tif,present,1
rgb_863.tif,.\data\train\present\rgb_863.tif,present,1
rgb_864.tif,.\data\train\present\rgb_864.tif,present,1
rgb_865.tif,.\data\train\present\rgb_865.tif,present,1
rgb_866.tif,.\data\train\present\rgb_866.tif,present,1
rgb_867.tif,.\data\train\present\rgb_867.tif,present,1
rgb_868.tif,.\data\train\present\rgb_868.tif,present,1
rgb_869.tif,.\data\train\present\rgb_869.tif,present,1
rgb_87.tif,.\data\train\present\rgb_87.tif,present,1
rgb_871.tif,.\data\train\present\rgb_871.tif,present,1
rgb_872.tif,.\data\train\present\rgb_872.tif,present,1
rgb_873.tif,.\data\train\present\rgb_873.tif,present,1
rgb_875.tif,.\data\train\present\rgb_875.tif,present,1
rgb_877.tif,.\data\train\present\rgb_877.tif,present,1
rgb_878.tif,.\data\train\present\rgb_878.tif,present,1
rgb_879.tif,.\data\train\present\rgb_879.tif,present,1
rgb_88.tif,.\data\train\present\rgb_88.tif,present,1
rgb_881.tif,.\data\train\present\rgb_881.tif,present,1
rgb_882.tif,.\data\train\present\rgb_882.tif,present,1
rgb_883.tif,.\data\train\present\rgb_883.tif,present,1
rgb_884.tif,.\data\train\present\rgb_884.tif,present,1
rgb_886.tif,.\data\train\present\rgb_886.tif,present,1
rgb_887.tif,.\data\train\present\rgb_887.tif,present,1
rgb_888.tif,.\data\train\present\rgb_888.tif,present,1
rgb_889.tif,.\data\train\present\rgb_889.tif,present,1
rgb_89.tif,.\data\train\present\rgb_89.tif,present,1
rgb_890.tif,.\data\train\present\rgb_890.tif,present,1
rgb_891.tif,.\data\train\present\rgb_891.tif,present,1
rgb_892.tif,.\data\train\present\rgb_892.tif,present,1
rgb_893.tif,.\data\train\present\rgb_893.tif,present,1
rgb_894.tif,.\data\train\present\rgb_894.tif,present,1
rgb_895.tif,.\data\train\present\rgb_895.tif,present,1
rgb_897.tif,.\data\train\present\rgb_897.tif,present,1
rgb_898.tif,.\data\train\present\rgb_898.tif,present,1
rgb_899.tif,.\data\train\present\rgb_899.tif,present,1
rgb_9.tif,.\data\train\present\rgb_9.tif,present,1
rgb_901.tif,.\data\train\present\rgb_901.tif,present,1
rgb_902.tif,.\data\train\present\rgb_902.tif,present,1
rgb_904.tif,.\data\train\present\rgb_904.tif,present,1
rgb_908.tif,.\data\train\present\rgb_908.tif,present,1
rgb_909.tif,.\data\train\present\rgb_909.tif,present,1
rgb_91.tif,.\data\train\present\rgb_91.tif,present,1
rgb_911.tif,.\data\train\present\rgb_911.tif,present,1
rgb_912.tif,.\data\train\present\rgb_912.tif,present,1
rgb_913.tif,.\data\train\present\rgb_913.tif,present,1
rgb_914.tif,.\data\train\present\rgb_914.tif,present,1
rgb_915.tif,.\data\train\present\rgb_915.tif,present,1
rgb_917.tif,.\data\train\present\rgb_917.tif,present,1
rgb_918.tif,.\data\train\present\rgb_918.tif,present,1
rgb_919.tif,.\data\train\present\rgb_919.tif,present,1
rgb_92.tif,.\data\train\present\rgb_92.tif,present,1
rgb_920.tif,.\data\train\present\rgb_920.tif,present,1
rgb_921.tif,.\data\train\present\rgb_921.tif,present,1
rgb_922.tif,.\data\train\present\rgb_922.tif,present,1
rgb_923.tif,.\data\train\present\rgb_923.tif,present,1
rgb_924.tif,.\data\train\present\rgb_924.tif,present,1
rgb_925.tif,.\data\train\present\rgb_925.tif,present,1
rgb_926.tif,.\data\train\present\rgb_926.tif,present,1
rgb_927.tif,.\data\train\present\rgb_927.tif,present,1
rgb_928.tif,.\data\train\present\rgb_928.tif,present,1
rgb_929.tif,.\data\train\present\rgb_929.tif,present,1
rgb_930.tif,.\data\train\present\rgb_930.tif,present,1
rgb_931.tif,.\data\train\present\rgb_931.tif,present,1
rgb_933.tif,.\data\train\present\rgb_933.tif,present,1
rgb_934.tif,.\data\train\present\rgb_934.tif,present,1
rgb_935.tif,.\data\train\present\rgb_935.tif,present,1
rgb_936.tif,.\data\train\present\rgb_936.tif,present,1
rgb_937.tif,.\data\train\present\rgb_937.tif,present,1
rgb_938.tif,.\data\train\present\rgb_938.tif,present,1
rgb_94.tif,.\data\train\present\rgb_94.tif,present,1
rgb_940.tif,.\data\train\present\rgb_940.tif,present,1
rgb_941.tif,.\data\train\present\rgb_941.tif,present,1
rgb_942.tif,.\data\train\present\rgb_942.tif,present,1
rgb_943.tif,.\data\train\present\rgb_943.tif,present,1
rgb_944.tif,.\data\train\present\rgb_944.tif,present,1
rgb_945.tif,.\data\train\present\rgb_945.tif,present,1
rgb_946.tif,.\data\train\present\rgb_946.tif,present,1
rgb_947.tif,.\data\train\present\rgb_947.tif,present,1
rgb_948.tif,.\data\train\present\rgb_948.tif,present,1
rgb_949.tif,.\data\train\present\rgb_949.tif,present,1
rgb_95.tif,.\data\train\present\rgb_95.tif,present,1
rgb_951.tif,.\data\train\present\rgb_951.tif,present,1
rgb_952.tif,.\data\train\present\rgb_952.tif,present,1
rgb_953.tif,.\data\train\present\rgb_953.tif,present,1
rgb_954.tif,.\data\train\present\rgb_954.tif,present,1
rgb_955.tif,.\data\train\present\rgb_955.tif,present,1
rgb_956.tif,.\data\train\present\rgb_956.tif,present,1
rgb_957.tif,.\data\train\present\rgb_957.tif,present,1
rgb_958.tif,.\data\train\present\rgb_958.tif,present,1
rgb_959.tif,.\data\train\present\rgb_959.tif,present,1
rgb_96.tif,.\data\train\present\rgb_96.tif,present,1
rgb_961.tif,.\data\train\present\rgb_961.tif,present,1
rgb_962.tif,.\data\train\present\rgb_962.tif,present,1
rgb_964.tif,.\data\train\present\rgb_964.tif,present,1
rgb_966.tif,.\data\train\present\rgb_966.tif,present,1
rgb_968.tif,.\data\train\present\rgb_968.tif,present,1
rgb_969.tif,.\data\train\present\rgb_969.tif,present,1
rgb_97.tif,.\data\train\present\rgb_97.tif,present,1
rgb_970.tif,.\data\train\present\rgb_970.tif,present,1
rgb_971.tif,.\data\train\present\rgb_971.tif,present,1
rgb_972.tif,.\data\train\present\rgb_972.tif,present,1
rgb_973.tif,.\data\train\present\rgb_973.tif,present,1
rgb_974.tif,.\data\train\present\rgb_974.tif,present,1
rgb_975.tif,.\data\train\present\rgb_975.tif,present,1
rgb_977.tif,.\data\train\present\rgb_977.tif,present,1
rgb_978.tif,.\data\train\present\rgb_978.tif,present,1
rgb_979.tif,.\data\train\present\rgb_979.tif,present,1
rgb_98.tif,.\data\train\present\rgb_98.tif,present,1
rgb_980.tif,.\data\train\present\rgb_980.tif,present,1
rgb_981.tif,.\data\train\present\rgb_981.tif,present,1
rgb_984.tif,.\data\train\present\rgb_984.tif,present,1
rgb_985.tif,.\data\train\present\rgb_985.tif,present,1
rgb_986.tif,.\data\train\present\rgb_986.tif,present,1
rgb_987.tif,.\data\train\present\rgb_987.tif,present,1
rgb_988.tif,.\data\train\present\rgb_988.tif,present,1
rgb_989.tif,.\data\train\present\rgb_989.tif,present,1
rgb_99.tif,.\data\train\present\rgb_99.tif,present,1
rgb_991.tif,.\data\train\present\rgb_991.tif,present,1
rgb_992.tif,.\data\train\present\rgb_992.tif,present,1
rgb_994.tif,.\data\train\present\rgb_994.tif,present,1
rgb_995.tif,.\data\train\present\rgb_995.tif,present,1
rgb_996.tif,.\data\train\present\rgb_996.tif,present,1
rgb_997.tif,.\data\train\present\rgb_997.tif,present,1
rgb_998.tif,.\data\train\present\rgb_998.tif,present,1
rgb_999.tif,.\data\train\present\rgb_999.tif,present,1
